丹大城际铁路,哈大客运专线,秦沈客运专线,"津秦客运专线","济青高铁,胶济高铁",青荣城际铁路,青连铁路,连盐铁路,盐通铁路,沪通铁路,沪昆高速铁路,杭甬客运专线,甬台温铁路,温福铁路,"福厦铁路",厦深铁路,深湛铁路,茂湛铁路,合湛铁路,钦北铁路,钦防铁路,潍莱客运专线,京沪高速铁路,宁杭客运专线,合蚌客运专线,商合杭客运专线,京津城际铁路,连镇铁路,宁启铁路,沪通铁路,京雄城际铁路,商杭客运专线,合安九客运专线,昌九城际线,昌赣客运专线,赣深客运专线,广深港高速铁路,京台高速铁路,昌福铁路,京沈客运专线,京石客运专线,石武客运专线,武广客运专线,广珠城际铁路,京包铁路,大西客运专线,太焦高速铁路,郑焦城际铁路,郑万高速铁路,衡柳铁路,湘桂铁路,柳南城际铁路,西成客运专线,包西铁路,渝贵铁路, 南钦铁路,钦北高速铁路,粤海铁路,海南东环铁路,海南西环高速铁路,西银铁路,成兰铁路,成贵客运专线,贵广客运专线,哈牡客运专线,哈齐客运专线,京张城际铁路,呼张客运专线,集包铁路第二双线,包兰铁路,胶济客运专线,石济客运专线,石太客运专线,太中银铁路,郑徐客运专线,郑西客运专线,西宝客运专线,宝兰客运专线,兰新铁路第二双线,成渝客运专线,宁安客运专线,安庆铁路,合九铁路,武九客运专线,汉宜铁路,宜万铁路,渝利铁路,遂渝铁路,遂成铁路,杭长客运专线,长昆客运专线,赣瑞龙铁路,南广铁路,南昆客运专线,京唐城际铁路,鲁南高速铁路,沪苏湖城际铁路,广梅汕铁路,通新高速铁路,赤喀高速铁路, 盘朝客运专线 ,郑合高速铁路,郑合高速铁路,广深线,汉丹铁路,沪昆线,京广铁路,京哈铁路,京沪线,武九铁路,襄渝铁路,萧甬铁路,昆玉铁路,黎湛铁路,宿淮铁路,海洋铁路,宁合铁路,新长铁路,宁铜铁路,宁西铁路,徐宿淮盐铁路,仁丽铁路,东川铁路,内昆铁路,南昆铁路,大丽铁路,广大铁路,鸡个铁路,蒙河铁路,蒙宝铁路,草官铁路,盘西铁路,玉蒙铁路,昆河铁路,成昆铁路,分文铁路,南浔铁路,鹰厦铁路,铜九铁路,赣龙铁路,赣韶铁路,皖赣铁路,浙赣铁路,横南铁路,文茶铁路,峰福铁路,向潭铁路,向梁铁路,吉衡铁路,吉井铁路,兰渝铁路,叙大铁路,宜珙铁路,宝成铁路,川南城际铁路,川藏铁路,广岳铁路,广巴铁路,广达铁路,德天铁路,成渝铁路,成灌铁路,成绵乐客运专线,成蒲铁路,绵遂铁路,金筠铁路,连乐铁路,达成铁路,达万铁路,长吉城际铁路,武孝城际铁路,汉十城际铁路,京滨城际铁路,吉珲客运专线,牡佳客运专线,济滨城际铁路,济莱高速铁路,衢九铁路,武咸城际铁路,武黄城际铁路,大张客运专线,青太客运专线,京广高速铁路,仙宁铁路,合武铁路,安张衡铁路,怀邵衡铁路,杭黄客运专线,玉磨铁路,成遂渝铁路,蓉昆高铁,郑济高铁,陇海铁路,杭温高速铁路,合青高铁,渝长客运专线,连徐客运专线,龙厦铁路,渝昆高速铁路,长益常城际铁路,贵南客运专线,焦洛城际铁路,阜冈九客运专线,川青铁路,隆泸铁路,保忻客运专线,渝西高速铁路,津承城际铁路,牡绥铁路,洛平城际铁路,滇藏铁路,湾里铁路,羊场铁路,大瑞铁路,北沿江高速铁路
丹东站,哈尔滨站,秦皇岛,天津西站,济南东站 ,青岛北站,青岛北, 赣榆北站,盐城,  平东站,上海虹桥站,杭州东,宁波,温州南站,福州站,厦门北,深圳北,茂名站,合浦,钦州站 ,钦州北,潍坊北站,北京南,南京南站,蚌埠站,商丘,北京南,董集,南京站,平东站 ,北京西,商丘站,合肥站,九江,南昌,赣州西,广州南,北京南,乐化东站,北京站,丰台 ,石家庄,横店东,广州南 ,北京北站,大同南站,太原南站,郑州,郑州东,衡阳,衡阳,柳州,西安北站,包头西,重庆西站,南宁东,钦州北,湛江西站Ⅰ场,海口,海口站,茂陵站,成都北站,成都东站,贵阳北站,哈尔滨站,哈尔滨站,北京北站,张家口南站,古营盘站,包头站,青岛站,石家庄站,太原站,太原南,郑州,郑州东,西安北,宝鸡南,兰州西,成都东,南京南,安庆西站,合肥站,武汉站,汉口站,宜昌东站,利川站,遂宁,遂宁站,杭州,长沙南,赣县北,南宁,南宁站,北京城市副中心,兰考南站,南通西站,广州东站,沈阳北站,喀左站,朝阳,郑州南站,郑州南站,广州,武昌站,上海,丰台,北京站,北京站,武昌站,襄阳,杭州南,昆阳站,黎塘站,符离集站,海安站,合肥,新沂站,南京西站,南京站,徐州东 ,仁和站,浪田坝,内江站,南宁,大理站,广通站,鸡街,蒙自北站,宝秀站,草坝站,沾益,玉溪站,昆明北站,安靖站,分宜,九江北,鹰潭站,狮子山站,赣州站,南康站,芜湖站,笕桥站,横峰站,排前 ,横峰站,向塘西站, 向塘西站,吉安站,吉安站,兰州站,叙永,宜宾,宝鸡站,内江北,成都西站,广汉站,广元南站,广元南站,德阳站,成都站,成都,江油站,成都西站,隆昌,金沙湾,连界站,成都,达州站,长春西站,孝感东站,汉口站,北京城市副中心站,吉林站,牡丹江站,济南东客站,济南新东站 ,衢州站,武昌站,武汉站,张家口南站,青岛站,丰台,南京南站,合肥站,桑植,怀化西站,杭州东站,玉溪西站,成都东,成都东站,郑州东,连云站,杭州西站,合肥西站,,连云港站,龙岩,重庆西站,尖山站,贵阳北,焦作,,,,,,,,,,,,,
同兴站,哈尔滨西站,山海关, 天津站,章丘北站,城阳站,红岛,赣榆站,大丰,  南通西站,松江南站, 杭州南,宁波东,瑞安站,福州东站,角美,深圳机场东,茂名西站,铁山港北,钦江,钦州,昌邑南站,廊坊,江宁,蚌埠南站,商丘新区,亦庄,灌云,林场站,南通西站,广安门,商丘新区站,新合肥西站(暂定站名),庐山,横岗,信丰西,庆盛,廊坊,南昌西站 ,星火站,涿州东,高邑西,武汉,碧江 ,清河站,怀仁东站,新鸣李站,海棠寺,郑州南,衡阳南,衡阳西,来宾北,阿房宫站,包头南,珞璜南站,五象,钦州东 ,湛江西站Ⅱ场,长流,老城镇站,乾县站,大弯镇站,成都南站,贵阳东站,新香坊北站,哈尔滨北站,清河站,怀安站,葫芦站,包头西站,青岛北站,石家庄东站,太原东站,北六堡,郑州东,郑州西,咸阳秦都,安坪,陈家湾西,简阳南,江宁西,石镜站,桃花店站,花山南站,汉川站,宜昌南站,凉雾站,遂宁南,大英东站,杭州南,湘潭北,于都,南宁东,南宁西站,唐山,庄寨站,常熟西站,石牌站,新民北站,建平站,巴图营,许昌北站,许昌北站,广州东,汉阳站,上海西,长辛店,北京东站,北京南站,沙湖站,襄阳北,夏家桥,宝峰站,凤鸣站,朱庄站,西场站,三十里铺,新沂南站,南京站,林场站,后马庄 ,丽江站,东川,内江南站,南宁南,大理北站,赤木岭站,泗水庄,长桥海站,松村站,雨过铺站,新海,甸苴坝站,黑土凹站,成都站,白田,庐山 ,资溪站,铜陵站,赣州东站,楼子下,青弋江站,杭州东站,铅山站,把集,铅山站,潭岗站,梁家渡站,吉安南站,吉安南站,兰州东站,凉水井,南岸坝,任家湾站 ,三元,双流北站,高骈站,广元东站,广元东站,扬嘉站,八里站,安靖,青莲站,双流北站,隆昌交接站,金沙湾二场,天蛾站,八里,达州东站,长春站,槐荫站,孝感东站,燕郊站,蛟河西站,桦林东站,济南机场站,港沟站 ,常山站,南湖东站,花山南站,怀安站,青岛北站,北京西,紫金山东站,桃花店站,张家界,安江站,杭州南站,研和站,石板滩,天府新站,平原新区,连云港东站,富阳西站,八斗岭站,,东海站,马坑,江津北站,金桥站,贵阳东,博爱,,,,,,,,,,,,,
丹东西站,双城北站,东戴河,军粮城北站,邹平南站, 即墨北站,洋河口,连云港站,东台, 张家港北站,金山北站,绍兴北,云龙,鳌江站,樟林站,漳州,虎门南,吴川站,白沙,钦州东站,茅岭江,平度北站,天津南,句容西,刘府南站,庐庙,永乐,灌南,葛塘站,张家港北站,白盆窑 ,芦庙站,合肥西站 ,德安 ,丰城东,龙南东,虎门,曹庄动车运用所,向塘西站,顺义西站,高碑店东,邢台东 ,乌龙泉东,北_,沙河站,应县站,晋中站,南阳寨,长葛北,谭子山南,祁东北,宾阳,_邑站,达拉特西,綦江东站,大塘,大马,雷州站,秀英,福山镇站,永寿站 ,青白江站,双流机场站,龙洞堡站,阿城北站,肇东站,沙河站,兴和北站,卓资东站,达拉_站,娄山站,藁城南站,东凌井站,清徐,开封北,巩义南,杨陵南,东岔,民和南,资阳北,马鞍山东,月形山站,合肥西站,左岭站,天门南站,车溪站,沙子关站,三星,积金南站,诸暨,韶山南,会昌北,宾阳 ,隆安东站,唐山机场,新菏泽东站,苏州北站,吉山站,彰武西站,宁城站,锦州北,鄢陵南站,鄢陵南站,石牌,汉西站,封浜,良乡,双桥站,丰台站,武昌北站,马棚,钱清,玉溪站,黄练站,王集村站,_茶站,肥东,高流站,兴卫村站,高里站,双沟,,姑海,凌家场站,金鸡村,海东镇站,楚雄站,乍甸,蒙自站,石屏站,仁和村站,白沙坡,通海站,小喜村站,八里站,新祉,黄老门 ,光泽站,缸窑湖站,于都站,旗口站,芜湖南站,盈宁站,铅山西站,茶陵 ,铅山西站,江家站,,永阳街站,永阳街站,夏官营站,正东,福溪,杨家湾站,白马西,温江站,什邡站,安家湾站,安家湾站,孝泉站,龙潭寺站,犀浦东,绵阳站,温江站,嘉明北,文昌宫,汪洋北站,龙潭寺,麻柳镇站,空港站,毛陈站,朋兴站,大厂站,威虎岭北站,林口南站,济阳站,章丘南站 ,辉埠站,汤逊湖站,左岭站,天镇站,胶州北站,杜家坎线路所,仙林站,合肥西站,安化,江口站,富阳站,峨山站,淮口南,天府机场站,新乡东,云台山站,桐庐东站,定远东站,,新沂南站,龙山镇,永川南站,金洲站,龙洞堡,沁阳,,,,,,,,,,,,,
前阳南站,扶余北站, 绥中北,滨海站,淄博北站,夏格庄站,青岛西,  海州站,海安县, 张家港站,嘉善南站, 绍兴东,奉化,苍南站,福州南站 ,漳浦,南沙,塘缀站,山口,那丽站,茅岭南,莱西北站,沧州西,溧水,淮南东站,古城东,武清,涟水,殷庄站,张家港站 ,李营,亳州南站,竹溪站 ,共青城,樟树东,定南西,光明城,天津西,三江镇站,怀柔南站,保定东,邯郸东 ,咸宁北,顺德 ,昌平站,山阴站,太谷东站,黄河景区,禹州,祁东,祁阳北,南宁东,新场街站 ,响沙湾,赶水东站,小董西,合浦,龙门镇站,城西,临高南站,彬县站,三星堆站,双流西站,龙里北站,帽儿山西站,安达站,昌平站,乌兰察布站,旗下营东站,哈业胡同站,胶州北站,辛集南站,阳泉北站,交城,兰考南,洛阳龙门,岐山,石家湾,乐都南,资中北,当涂东,安庆北站,竹溪站,葛店南站,仙桃西站,长阳站,石柱县站,潼南,淮口南站,义乌,娄底南,瑞金,贵港,平果站,鸦鸿桥,巨野北站,苏州园区站,下元站,章古台站,平庄西站,凌海南,扶沟南站,扶沟南站,天河东,新墩站,七宝,涿州,通州站,黄村站,八大家站,陈家湖,柯桥,玉溪南站,覃塘站,灵璧站,如东站,巢北,庙头镇站,紫金山站,永宁镇站,睢宁,,仓房,大山铺站,杨美,挖色站,楚雄西站,石窝铺,朗常寨站,吴家庄站,白沙冲站,平河口,柿花树站,呈贡站,成都东站,松山,马回岭 ,邵武站,青阳站,瑞金站,新城站,陶辛站,杭州南站,永平站,清潞,永平站,,,石坑站,石坑站,渭源站,古蔺,汉王山,观音山站,自贡东,羊马站,两路口站,元坝站,元坝站,绵竹站,石板滩站,犀浦,罗江东站,羊马站,福集,高县,松峰站,成都北,开江站,龙嘉站,王母湖站,云梦东站,香河站,敦化站,鸡西西站,商河南站,雪野站 ,开化站,庙山站,葛店南站,阳高南站,高密站,涿州东,,长安集站,桥头河,洞口站,桐庐站,罗里站,积金南,资阳西站,卫辉南,盐坨站,浦江站,明光西站,,邳州东站,南靖站,泸州站,宁乡站,龙里北,新济源,,,,,,,,,,,,,
东港北站,德惠西站,兴城西,滨海北站,临淄北站, 莱西北站, 董家口,董集站,如皋县,常熟站,嘉兴南站,余姚北,宁海,福鼎站,福清站,云霄,民众,黄略站,青平,旺乡岭站,防城港北,,德州东,瓦屋山,水家湖站,亳州南,天津,淮安东,六合站,常熟站 ,黄村,古城东站,肥西站,永修,新干东,和平东,深圳北,天津南,大岗站,密云东站,定州东,安阳东,赤壁北,顺德学院,南口站,代县站,榆社西站,武陟,郏县,祁阳,永州,南宁,佛坪站,罕台川,桐梓北站,钦州北,北海,徐闻站,海口东,银滩站,长武站,什邡站,新津站,贵定县站,尚志南站,大庆东站,八达岭长城站,卓资东站,陶卜齐站,白彦花站,高密站,衡水北站,井陉北站,文水,民权北,渑池南,宝鸡南,天水南,海东西,内江北,芜湖 ,安庆站,肥西站,华容南站,潜江站,榔坪站,丰都站,下太和,石板滩站,金华,邵阳北,长汀南,郁江 ,那何站, 宝坻南,嘉祥北站,苏州东站,南岗站,甘旗卡站,赤峰西站,,西华站,西华站,吉山,舵落口站,李家塘,高碑店,燕郊站,廊坊北站,楠_庙站,老河口东,绍兴,,根竹站,长沟站,北渔站,黄庵,沭阳站,沧波门站,全椒站,宿迁,,响水河,自贡站,南武康,上关站,钱粮桥站,火谷都,新现站,大水站,官家山站,白水镇,曲江站,王家营站,成都南站,石芬,德安,顺昌站,茅坦站,长汀站,青龙站,湾_站,白鹿塘站,陈家寨站,火田,陈家寨站,,,江边站,江边站,漳县站,新桥,赛金桥,石崖站,邓关,崇州站,灵杰站,白水站,白水站,汉旺站,洪安乡站,红光镇,德阳站,崇州站,泸州,孝儿,陈家湾站,城厢,梁平站,九台南站,闵集站,安陆西站,宝坻南站,大石头南站,七台河西站,惠民站,莱芜北站 ,杨林站,普安站,武石正线,大同南站,昌邑站,高碑店东,,南分路站,娄底站,石下江站,建德站,元江站,大英东,资中西站,滑县浚县,连云港站,义乌站,五河站,,大许南站,草坂站,南溪站,衡龙桥站,贵定县,吉利,,,,,,,,,,,,,
北井子站,长春西站, 葫芦岛北,唐山站,青州北站, 莱阳站,两城,  灌云东站,如皋南,太仓港站,桐乡站,庄桥,三门县,太姥山站,渔溪站,诏安,中山北,塘口站,廉江南,合浦站,防城港,,济南西 ,溧阳,下塘集站,太和东,,宝应,余家营站,太仓港站 ,北京新机场,太和东站,舒城东站,乐化,峡江,龙川西,福田,沧州西,抚州北站,兴隆西站,正定机场 ,鹤壁东,岳阳东,容桂 ,东园站,原平西站,武乡西站,修武西,平顶山西,高溪市,永州东,,洋县西站,东胜西,桐梓东站,,北海港前,海安东站,美兰,白马井站,和盛站 ,绵竹站,新津南站,都匀东站,一面坡北站,大庆西站,东花园北站,旗下营南站,白塔站,公庙子站,昌邑站,景州站,石家庄站,汾阳,商丘,三门峡南,,秦安,西宁,隆昌北,弋江,,丰乐站,鄂州站,荆州站,巴东站,涪陵北站,渭沱,成都东站,龙游,新化南,冠豸山,桂平,田东北站,香河,济宁北站,吴江站,新塘站,木里图站,,,周口东站,周口东站,下元,吴家山站,春申,徐水,大厂县站,杨村站,武昌东站,黄康,东湖,,贵港站,泗县站,,全椒,泗阳站,光华门站,黄庵站,洋河北,,功山,自贡南站,定顿,西邑站,吕合站,鄢棚,屏边站,仁寿村站,,大塘,李浩寨站,水塘站,双流站,书山,杨家岭,来舟站,九华山站,上杭站,大余站,三元站,湄池站,西山站,莲花,西山站,,,井冈山站,井冈山站,岷县站,龙山,金沙湾,秦岭站,大观,隆兴站,雪门寺站,尚武站,尚武站,,陈家湾站,郫县东,旌阳站,隆兴站,方山,腾达,井研站,金堂,分水寺站,新桦皮厂站,天河街站,随州南站,京津新城站,安图西站,桦南东站,滨州站,钢城东站,德兴东站,纸坊东站,黄冈支线,米庄线路所,潍坊站,徐水东,,六安站,娄底南站,隆回站,千岛湖站,墨江站,新桥线路所,威远站,内黄,道口站,横店站,泗县东站,,后马庄站,漳州站,宜宾站,沧水铺站,都匀东,孟津,,,,,,,,,,,,,
大孤山站,公主岭南站, 锦州南,  滦河站,  潍坊北站,海阳北站,日照北, 田楼站,南通西,  太仓站,海宁西站, 宁波,临海,霞浦站,涵江站,饶平,横栏,湛江站,遂溪南,北海站,,,泰安,徐舍,双墩集站,阜阳西,,界首镇,仪征站,太仓站 ,固安东,阜阳西站,庐江西站,南昌西,吉水西,东源,西九龙,德州东,抚州站,安匠站,石家庄,新乡东,汨罗东,南头,居庸关站,忻州西站,襄垣东站,焦作,方城,永州,东安,,城固北站,鄂尔多斯,娄山关南站,,,海安南站,文昌,海头站,庆阳市站,安县站,彭山北站,三都县站,苇河西站,杜尔伯特站,怀来站,呼和浩特东站,呼和浩特东站,乌拉山站,潍坊站,德州东站,,吴城,砀山南,灵宝西,,通渭,大通西,荣昌北,繁昌西,,舒城站 ,鄂州东站,枝江北站,高坪站,长寿北站,合川 ,,衢州,溆浦南,古田会址,平南南,田阳站,大厂,兖州南站,嘉兴南站,沙浦站,通辽站,,,淮阳站,淮阳站,新塘,新沟站,新桥,保定,三平站,汉沟镇站,何刘站,谷城,皋埠,,八塘站,黑塔站,,江浦,徐溜站,中华门站,巢北站,泗阳 ,,天生桥,俞冲站,那桐,花兰箐站,南华站,个旧,莲花滩站,坝心站,,车转湾,建水站,宜良站,公兴站,栗木,涂家埠,外洋站,池州站,龙岩站,梅岭站,巷口桥站,诸暨东站,五里峰站,文竹,五里峰站,,,白石站,,哈达铺站,青龙嘴,巡场,黄牛铺站,临港,大邑站,穿心店站,嘉川站,嘉川站,,红花塘站,郫县,广汉北站,大邑站,纳溪,筠连,三江站,淮口,李河站,双吉站,天河机场站,随县站,北部新区站,延吉西站,孟家岗北站,,,婺源站,纸坊南站,华容南站,,昌乐站,保定东,,独山镇站,双峰,岩口铺站,三阳站,宁洱站,遂宁,自贡东站,濮阳东,曹浦站,磐安站,泗洪西站,,徐州东站,龙海站,高县站,益阳站,独山东,洛阳机场,,,,,,,,,,,,,
青堆站, 四平东站, 凌海南, 北戴河站,高密北站,桃村北站,奎山镇,  响水站,, 安亭西站,余杭站,,台州,福安站,莆田站,潮汕,江门,@@,湛江西,港区站,,,曲阜东,宜兴,合肥北城站,颍上北,,高邮,扬州站,安亭西站 ,霸州北,颍上北站,桐城东站,,吉安西,河源东,,济南西,腾桥站,承德南站,@@,郑州东 ,长沙南,小榄,三堡站,阳曲西站,长治东站,@@,南阳南,东安东,全州,,汉中站 ,新街,遵义站,,,海口站,琼海,棋子湾站,庆城站,高川站,眉山东站,榕江站,亚布力西站,红旗营东站,下花园北站,,呼和浩特站,乌拉特前旗站,昌乐站,平原东站,,吕梁,永城北,华山北,,下小岔,门源,大足南,钟鸣北,,郭河站,花湖站,宜昌东站,落水洞站,复盛站,石子山,,江山,怀化南,龙岩,藤县,百色站,燕郊,曲阜南站,,仙村站,@@,,,沈丘北站,沈丘北站,仙村,辛安渡站,松江,望都,三河县站,北仓站,新店站,黄家营,陶堰,,桥圩站,泗洪站,,南京南,袁北站,西善桥站,肥东站,淮安东,,寻甸,孔滩站,双邓,金墩站,大谷堆站,,瑶山站,四家站,,羊尾哨,燕子洞站,盘溪站,花龙门站,新背,新祺周,青州站,清溪站,,珠玑巷站,宣城站,诸暨站,上乌石站,@@,上乌石站,,,排头站,,两水站,大村,武家岩,红花铺站,宜宾东,王泗镇站,红白场站,旺苍站,旺苍站,,五凤溪站,郫县西,青白江东站,王泗镇站,护国,,茅桥站,隆盛,万州站,吉林站,盘龙城站,枣阳站,机场站,图们北站,双鸭山西站,,,桥上村站,乌龙泉南站,鄂州站,,青州市站,定州东,,金寨站,渣江,邵阳站,绩溪北站,普洱站,遂宁南,宜宾站,南乐站,东海县站,仙居站,宿迁东站,,,角美站,筠连站,谢林港站,荔波,涧西,,,,,,,,,,,,,
兰店站,昌图西站,盘锦北,  秦皇岛站,胶州北站,烟台南站,岚山西,滨海县站,,  安亭站,杭州东站,,台州南,宁德站,仙游站,潮阳,双水镇,湛江西2场,,,,,滕州东,宜兴,合肥站,凤台南,,扬州南,扬州东站,安亭站,雄安,凤台南站,双港站,,泰和,博罗北,,泰安,南城站,承德县北站,涿州东,新郑东,株洲西,东升,青龙桥西站,太原东站,长治县站,南阳寨,邓州东,庙头西,绍水,,新集站,中鸡,龙坑站,,,海口南站,博鳌,东方站,环县站,茂县站,青神站,从江站,横道河子东站,齐齐哈尔南站,宣化北站,,台阁牧站,塔布站,青州市站,禹城东站,,柳林南,萧县北,渭南北,,榆中,浩门,永川东,铜陵,,庐江站,黄石北站,,建始站,双溪站,重庆北,,玉山南,芷江,@@,梧州南 ,阳圩站,,泗水南站 ,,石滩站,沈阳北站,,,界首南站,界首南站,石滩,下辛店站,石湖荡,定州,蓟县南站,南仓站,葛店站,浪河,东关镇,,石鼓塘站,归仁站,,@@,淮安站,建宁站,三十里铺站,阜宁南,,塘子,王场站,连安,鹤庆站,沙桥站,,马度白站,下坡处站,,富源,鸡街站,十里村站,普兴站,大光山,乐化,三明北站,涓桥站,,南雄站,孙家埠站,牌头站,黄莲坑站,茶陵西,黄莲坑站,,,龙市站,,陇南站,,卷子榜,油房沟站,@@,邛崃站,木瓜坪站,黄洋站,黄洋站,,灵仙庙站,安德,新都东站,邛崃站,江门镇,,乐山港站,积金,,,金银潭站,襄阳东津站,滨海站,珲春站,四马架北站,,,赋春站,土地堂东站,鄂州东站,,临淄站,正定机场,,天堂寨站,西渡,邵阳东站,歙县北站,勐养站,三星,,莘县站,徐塘庄站,楠溪江站,新沂南站,,,前场站,云南段,桃花江站,环江,洛阳龙门,,,,,,,,,,,,,
庄河北站,开原西站,台安,, 青岛机场站, 牟平站, 赣榆北, 阜宁东站,,  黄渡站,杭州南站,,温岭,罗源站,惠安站,普宁,台山,湛江西1场,,,,,枣庄,湖州,,寿县,,横山,江都站,黄渡站,,寿县站,新安庆西站(暂定站名),,万安,惠州北,,曲阜东,南丰站,平泉北站,北京西,许昌东,衡山西,中山北,青龙桥站,太原站,高平东站,东双桥,襄阳东津,全州南,兴安,,宁强南站,神木西,遵义南站,,,澄迈站,和乐,金月湾站,甜水堡站,叠溪站,乐山站,三江南站,海林北站,,张家口南站,,察素齐站,沙拐子站,临淄站,齐河站,,吴堡,徐州东,临潼东,,兰州西,军马场,璧山,马衙,,柯坦站,大冶北站,,白杨坪站,重庆北站,,,上饶,新晃西,赣县,省界,者桑站,,蒙山站,,红海站,沈阳站,,,临泉站,临泉站,石龙,隔蒲站,枫泾,新乐,玉田县站,天津西站,华容站,武当山,上虞,,兴业站,洋河站,,合肥南,淮安南站,古雄站,合肥站,建湖,,,敬梓场站,隆安,仁和站,大苴站,,河口北站,新民桥站,,平关,蒙自北站,开远北站,回龙庵站,安福,南昌,三元区站,殷汇站,,古市站,水东站,浦江站,洋庄站,茶陵 ,洋庄站,,,睦村站,,姚渡站,,珙县,凤州站,自贡东,西来站,岳家山站,普济站,普济站,,养马河站,崇义,成都东站,西来站,兴隆,,安谷站,梓潼,,,后湖站,隆中站,,,佳木斯站,,,景德镇北站,山坡东站,花湖站,,淄博站,石家庄,,墩义堂站,衡阳北站,邵东站,黄山北站,西双版纳站,潼南,,聊城西站,新沂站,永嘉站,,,,厦门北站,盐津南站,崔家桥站,河池,,,,,,,,,,,,,,
庄河西站,铁岭西站,辽中,, 红岛站,威海北站,@@,射阳站,,,诸暨站,,雁荡山,连江站,泉州站  ,葵潭,开平南,黄略站,,,,,徐州东,德清,,淮南南,,丹徒,泰州西站,,,淮南南站,潜山南站,,兴国西,塘厦,,滕州东,西城站,牛河梁站,,漯河西,衡阳东,中山,八达岭站,太原南站,晋城东站,广武,保康,松川,灵川,,朝天站 ,大保当,息烽站,,,龙坡站,万宁,尖峰站,太阳山站,镇江关站,犍为站,五通站,牡丹江西站,,@@,,三卜素站,西小召站,淄博站,济南东站,,绥德,,西安北,,,民乐,沙坪坝,池州,,黄荆苯站,白沙铺站,,白果站,,,,弋阳,铜仁南,于都,郁南 ,富宁站,,费县北站,,石龙站,@@,,,阜阳西站,阜阳西站,东莞,云梦站,嘉善,正定,富庄子站,沧州站,鄂州北站,白浪,驿亭,,仁东站,郑楼站,,三十里铺,淮安东站,新建站,桃花店站,盐城,,,一步滩站,雁江,丽江站,姚安站,,河口站,乡会桥站,,火铺,,开远站,青龙场站,太平,,永安站,唐田站,,马市站,港口镇站,义乌站,四渡站,,四渡站,,,沔渡站,,羊木站,,,七里坪站,富顺,蒲江站,,三江坝站,三江坝站,,石桥镇站,聚源,成都南站,蒲江站,叙永,,燕岗站,仓山镇,,,汉口站,河谷站,,,,,,鄱阳站,贺胜桥东站,黄石北站,,周村东站,高邑西,,三河站,衡阳站,金兰站,,橄榄坝站,下太和,,茌平南站,瓦窑站,温州南站,,,,,彝良北站,汉寿站,永安乡,,,,,,,,,,,,,,
花园口站,沈阳北站,皇姑屯,, 青岛北站,威海站,日照北, 盐城北站,,,义乌站,,绅坊,福州南站,晋江站  ,陆丰,恩平,塘缀站,,,,,宿州东,余杭北,,水家湖 ,,,泰州站,,,水家湖站,太湖南站,,赣县北,深圳北,,枣庄,建宁县北站,喀左站,,驻马店西,耒阳西,南朗,西拨子站,晋中站,博爱站,@@,宜昌北,兴安北,桂林北,,广元站,榆林,修文县站,,,东江站,神州,黄流站,吴忠站,松潘站,屏山站,桂林西站,牡丹江站,,下花园北站,,萨拉齐站,临城站,周村东站,@@,,子洲,,@@,,,张掖西,重庆,晏塘,,桐城站,阳新站,,恩施站,,,,鹰潭北,三穗,,南江口,白腊寨站,,新临沂北站,,东莞站,沈阳站,,,颍上北站,颍上北站,茶山,义堂站,嘉兴东,石家庄,唐山北站,泊头站,樊口站,十堰,五夫,,玉林站,泗阳站,,肥东,仇桥站,江宁镇站,合肥西站,,,,宜宾北站,平果,@@,长冲站,,,建水东站,,红果,,芷村站,彭山站,五四,,麦园站,张溪站,,始兴站,宁国站,义乌西站,武夷山站,,武夷山站,,,炎陵站,,广元站,,,凤县站,泸县,朝阳湖站,,坑坑店站,坑坑店站,,简阳站,都江堰,双流机场站,朝阳湖站,生机,,,玉峰,,,,丹江口南站,,,,,,油墩街站,横沟桥东站,大冶北站,,章丘站,邢台东,,麻城北站,衡阳东站,西渡站,,勐腊站,渭沱 ,,长清站,草桥站,,,,,,昭通东站,毛家滩站,都安,,,,,,,,,,,,,,
城子坦站,沈阳站,沈阳北,,  青岛站,文登东站,日照,,,,金华站,,乐清,,厦门东站,汕尾,阳东,吴川站,,,,,蚌埠南,杭州东,,合肥北城,,,姜堰站,,,合肥北城站,宿松东站,,赣州西,,,徐州东,泰宁站,奈林皋站,,明港东,郴州西,翠亨,康庄站,太谷西站,焦作站,修武西,巴东,大榕江北,桂林,,剑门关站 ,米脂,贵阳北站,,,和珍站,陵水,乐东站,灵武站 ,川主寺站,宜宾西站,阳朔站,,,赵川南站,,南园村站,东土城站,章丘站,济南西站,,靖边,,郑州,,,临泽南,@@,长风,,范岗站,枫林站,,箐口站,,,,抚州东,凯里南,,云浮东,广南县站,,莒南北站 ,,茶山站,新民北站,,,凤台南站,凤台南站,常平,界牌店站,嘉兴,元氏,银城铺站,德州站,鄂州站,花果,马渚,,马坡站,韩圩站,,,阜宁站,铜井站,长安集站,,,,宜宾站,那厘, 仁和站,新哨站,,,南营寨站,,,,腊哈地站,太和站,洲湖,,漳平站,东至站,,总甫站,竹峰站,塘雅站,武夷山南站 ,,武夷山南站,,,三河站,,太公站,,,宏庆站,泸州北,名山站,,乐坝站,乐坝站,,庙子沟站,中兴,双流西站,,燕子口,,,大英,,,,武当山西站,,,,,,都昌站,咸宁东站,@@,,大明湖站,邯郸东,,红安西站,,松木园站,,磨憨站,合川,,济南西站,炮车站,,,,,,迤车站,德山北站,马山,,,,,,,,,,,,,,
皮口站,沈阳南站,,,@@,荣成站,@@,,,,龙游站,,永嘉,,厦门北站,_门,阳江,@@,,,,,定远,,,合肥西  ,,,海安县站,,,合肥西站,黄梅南站,,,,,宿州东,将乐站,朝阳站,,信阳东,乐昌东,珠海北 ,东花园站,祁县东站,,吴村,巫山,灵川,二塘,,青川站,绥德,,,,和舍站,亚龙湾,崖州站,银川站,黄胜关站,长宁站,恭城站,,,太子城站,,包头东站,义和渠站,大明湖站,德州东站,,定边,,郑州西,,,高台南,成都东,安庆,,杨树店站,瑞昌西站,,利川站,,,,进贤南,贵定北,,肇庆东,珠琳站,,厉家寨站 ,,南社站,,,,寿县站,寿县站,土塘,安陆站,马王塘,高邑,狼窝铺站,黄河涯站,铁山站,小花果,余姚西,,米场站,袁北站,,,建湖站,安江站,雷麻店站,,,,宜宾南站,山心,丽江东站,沐滂站,,,九标站,,,,山腰站,眉山站,金田,,梅水坑站,建新站,,丹霞山站,霞西站,东孝站,仙店站,,仙店站,,,浣溪站,,苍溪站,,,李家河站,,雅安站,,下两站,下两站,,临江寺站,青城山,新津站,,海子街,,,星光,,,,十堰北站,,,,,,湖口站,咸宁南站,葛店南站,,济南站,安阳东,,横店东站,,麻元站,,,蔡家,,,邳州站,,,,,,会泽站 ,常德站,南宁北,,,,,,,,,,,,,,
杏树屯站,辽阳站,,,平陵城站,@@,奎山镇,,,,衢州站,,温州南,,杏林站,惠东,阳西,湛江站,,,,,滁州,,,合肥南  ,,,如皋站,,,合肥站,孔垄北站,,,,,蚌埠南,夏茂站,北票站,,孝感北,韶关,唐家湾,狼山站,平遥古城站,,云台山,奉节,桂林北,永福,,江油北站,清涧县,,,,西流站,三亚,凤凰机场站,,热摩柯站,兴文站,钟山西站,,,@@,,包头站,五原站,济南站,,,太阳山,,@@,,,清水北,成都南,@@,,安庆西站,柴桑站,,凉雾站,,,,南昌西,贵阳东,,三水南,普者黑站,,日照西站,,横沥站,,,,淮南南站,淮南南站,樟木头,三陂港站,海宁,临城,石郎庄站,平原站,黄石站,胡家营,余姚,,陆川站,,,,庆丰镇站,慈湖站,官亭镇站,,,,豆坝站,思林,@@,天马站,,,五里冲站,,,,河口站,鲜滩站,怀忠,,华安站,香隅站,,长坝站,府祝站,金华站,兴田站,,兴田站,,,云盘站,,阆中站,,,两当站,,规划中,,巴中站,巴中站,,墨池坝站,@@,新津南站,,毕节东,,,遂宁西,,,,,,,,,,琵琶湖站,@@,华容东站,,济南西站,鹤壁东,,汉口站,,颜家垄站,,,K141线路所,,,赵墩站,,,,,,卡竹站,,南宁东,,,,,,,,,,,,,,
登沙河站,鞍山西站,,,章丘北站,桃村北站,日照,,,,江山站,,,,厦门高崎站,惠州南,马踏,湛江西1场,,,,,南京南,,,长临河  ,,,白蒲站,,,肥东站,庐山站,,,,,刘府南站,三明北站,乌兰木图站,,横店东,英德西,明珠 ,土木站,介休东站,,,云阳,桂林,鹿寨,,江油站,子长,,,,那大站,,三亚站,,九寨沟站,威信站,贺州站,,,延庆站,,@@,四闸站,济南西站,,,红寺堡,,渭南北,,,酒泉南,,铜陵北站,,瓜形站,九江站,,汪营站,,,,高安,贵阳北,,佛山西,腻革龙站,,日照站,,常平站,,,,水家湖站,水家湖站,塘头厦,平林站,斜桥,邢台,福山寺站,晏城北站,大箕铺站,白河东,蜀山,,美坡站,,,,盐城北站,马鞍山站,梓树庄站,,,,水富站,那何,大理东站,祥云站,,,缅甸站,,,,,思_站,厚溪,,漳州东站,马_站,,腊石坝站,甲路站,白龙桥站,将口站,,将口站,,,茶陵南站,,南部站,,,聂家湾站,,林芝站,,,巴中东站,,资阳站,郫县西,彭山北站,,大方南,,,遂宁,,,,,,,,,,九江站,武汉站,黄冈西站,,齐河站,新乡东,,@@,,,,,井口,,,碾庄站,,,,,,寻甸站,,,,,,,,,,,,,,,,
广宁寺站,海城西站,,,,芝罘站,,,,,玉山南站,,,,厦门站,深圳坪山,电白,黄略站,,,,,镇江南,,,巢湖东,,,平东站,,,柘皋站,@@,,,,,淮南东站,尤溪站,阜新站,,武汉,清远,前山,沙城站,灵石东站,,,万州北,二塘站,洛埠,,青莲站,延安,,,,西培站,,,,白古寺站,镇雄站,怀集站,,,八达岭长城站,,集宁南站,景阳林站,,,,中宁东,,临潼东,,,嘉峪关南,,铜陵,,天柱山站,@@,,齐岳山站,,,,新余北,平坝南,,广州南,弥勒东站,,@@,,东莞东站,,,,合肥北城站,合肥北城站,平湖,长岭岗站,长安镇,沙河市,马柳站,晏城站,浮屠街站,白河县,丈亭,,吹塘站,,,,盐城站,采石站,枣树店站,,,,横江站,林逢,大理北站,栽秧箐站,,,大田山站,,,,,吴场站,永新,,龙海站,泉山站,,韶关东站,胡乐站,蒋堂站,建阳站,,建阳站,,,茶陵西站,,南充北站,,,徽县站,,朝阳站,,,曾口场站,,侯家坪站,新民场,眉山东站,,法启,,,蓬溪,,,,,,,,,,,光谷站,黄冈站,,禹城东站,郑州东,,合肥南站,,,,,重庆北,,,黄集站,,,,,,嵩明站,,,,,,,,,,,,,,,,
金州站,营口东站,,,, 烟台站,,,,,上饶站,,,,,深圳北,茂名,塘缀站,,,,,丹阳北,,,@@,,,南通站,,,巢湖东站,新安庆西站(暂定站名),,,,,水家湖站,中仙站,黑山北站,,,广州北,珠海,新保安站,霍州东站,,,,永福南,柳州北,,绵阳站,甘泉北 ,,,,八一站,,,,上漳湾站,毕节站,广宁站,,,@@,,古营盘站,毛家桥站,,,,黄羊湾,,西安,,,清泉南,,,,小池站,庐山站,,关仓坪站,,,,宜春东,安顺西,,,弥勒站,,曲阜东站,,黄曹站,,,,合肥站,合肥站,平湖南,马坪站,临平,邯郸,杨各庄站,桥南站,阳新站,冷水,叶家,,文地站,,,,大丰西站,黄梅山站,先生店站,,,,小儿坪站,田东,,弥渡站,,,麻栗树站,,,,,马村站,_田,,角美站,彭泽站,,,金沙站,汤溪站,演头站,,杨墩站,,,攸县南站,,武胜站,,,虞关站,,米林站,,,何家坪站,,长沙埂站,三道堰,青神站,,金龙,,,南充西,,,,,,,,,,,汤逊湖站,黄冈东站,,平原东站,二郎庙线路所,,长安集站,,,,,@@,,,大湖站,,,,,,长水机场站,,,,,,,,,,,,,,,,
大连北站,盖州西站,,,,@@,,,,,弋阳站,,,,,,吴川,吴川站,,,,,常州北,,,水家湖 ,,,南通东站,,,含山南站,安庆站,,,,,下塘集站,长庆站,新民北站,,,广州南,湾仔北,西八里站,洪洞西站,,,,黄蜡,柳州,,罗江东站,富县东,,,,雅星站,,,,哈达铺站,大方站,肇庆东站,,,下花园北站,,葫芦站,四分滩站,,,,中卫,,,,,玉门,,,,太湖站,九江站,,罗田站,,,,萍乡北,关岭,,,石林西站,,曲阜南站,,谢岗站,,,,,,深圳东,十岗站,乔司,磁县,滦县站,济西站,大老铺站,蜀河,慈城,,飞凤坡站,,,,兴化站,当涂站,六安站,,,,铜鼓溪站,仑圩,,大江西站,,,石崖寨站,,,,,乐山北站,塘边,,东孚站,流泗站,,,黄土坑站,龙游东站,杨墩站,,徐墩站,,,安仁站,,渭沱站,,,白水江站,,朗县站,,,平昌站,,顺河场站,马街,乐山站,,八步,,,南充,,,,,,,,,,,,@@,,德州东站,新郑东,,南分路站,,,,,合川,,,徐州站,,,,,,昆明南站,,,,,,,,,,,,,,,,
大连站,鲅鱼圈站,,,,桃村北站,,,,,鹰潭北站,,,,,,塘缀,@@,,,,,无锡东,,,合肥北城,,,海门北站,,,芜湖北站,@@,,,,,双墩集站,永泰站,沈阳西站,,,,湾仔,下花园站,临汾西站,,,,鹿寨北,柳州南,,德阳站,洛川,,,,芙蓉田站,,,,岷县站,黔西站,三水南站,,,赵川南站,,,南台子站,,,,,,,,,柳沟南,,,,凉亭河站,@@,,谷雨站,,,,醴陵东,普安,,,阳宗站,,@@,,沥林站,,,,,,笋岗,淅河站,笕桥,柏庄,朱各庄站,党家庄站,西河村站,棕溪,宁波北,,河唇站,,,,东台站,毛耳山站,十里桥站,,,,滩头站,那宁,,大理站,,,关口站,,,,,双福站,文竹,,前场站,湖口站,,,际坑口站,龙游站,徐墩站,,建瓯站,,,西江站,,合川站,,,红卫坝站,,加查站,,,岳家站,,登瀛崖站,彭州南,峨眉站,,织金北,,,南充东,,,,,,,,,,,,武昌站,,景州站,许昌东,,六安站,,,,,石子山 ,,,徐州西站,,,,,,,,,,,,,,,,,,,,,,
,瓦房店西站,,,,烟台南站,,,,,抚州东站,,,,,,黄略,湛江西2场,,,,,苏州北,,,合肥,,,临江站,,,芜湖站,合肥南站,,,,,大包郢线路所,杜坞站,沈阳站,,,,十字门 ,辛庄子站,襄汾西站,,,,香兰北,进德,,广汉北站,黄陵南,,,,太坡站,,,,渭源站,白云站,佛山西站,,,太子城站,,,杜家台站,,,,,,,,,石板墩南,,,,宿松站,庐山站,,鱼背山站,,,,长沙南,盘县,,,昆明南站,,曲阜东站,,陈江站,,,,,,深圳 ,随州站,杭州东,安阳,石门站,泰山站,东龙站,旬阳,庄桥,,高田站,,,,富安站,塔桥站,分路口站,,,,普洱渡站,田阳,,,,,鸡街站,,,,,峨眉站,,,杏林站,琵琶湖站,,,郎家溪站,衢州东站,建瓯站,,小桥镇站,,,管冲站,,重庆西站,,,马蹄湾站,,桑日站,,,涵水站,,归德乡站,步行街,峨眉山站,,织金,,,蓬安,,,,,,,,,,,,南湖东站,,衡水北站,漯河西,,,,,,,北碚,,,铜山站,,,,,,,,,,,,,,,,,,,,,,
,普湾站,,,,,,,,,进贤南站,,,,,,湛江西1场,塘口站,,,,,昆山南,,,肥东,,,启东站,,,弋江站,合肥西站 ,,,,,合肥北城站,福州站,沈阳南站,,,,金融,宣化站,侯马西站,,,,鹧鸪江,来宾,,青白江东站,北塬,,,,叉河站,,,,兰州东站,贵阳东站,广州南站,,,,,,生丰站,,,,,,,,,柳园南,,,,水码站,柴桑站,,柑子园站,,,,@@,富源北,,,洛羊镇站,,泗水南站 ,,新屋站,,,,,,,两水沟站,杭州南,汤阴,九龙山站,磁窑站,夏畈站,吕河,宁波,,廉江站,,,,海安站,芜湖东站,余大庄站,,,,临江溪站,坡圩,,,,,江水地站,,,,,燕岗站,,,厦门高崎站 ,九江站,,,绩溪县站,衢州站,小桥镇站,,南雅站,,,衡南站,,@@,,,徐家坪站,,泽当站,,,石桥站,,陶家沟站,彭州,,,坡脚,,,营山,,,,,,,,,,,,光谷站,,辛集南站,驻马店西,,,,,,,兴隆场 ,,,夹河寨站,,,,,,,,,,,,,,,,,,,,,,
,大连北站,,,,,,,,,南昌西站,,,,,,湛江西2场 ,黄略站,,,,,上海虹桥,,,巢湖北,,,吕四站,,,湾_南站,肥西站,,,,,合肥站,@@,@@,,,,横琴,沙岭子东站,闻喜西站,,,,青茅,黎塘,,新都东站,西社,,,,,,,,,@@,,,,,,,临河站,,,,,,,,,大泉南,,,,黄梅站,,,五桥站,,,,杭州东,曲靖北,,,昆明东站,,,,惠州西站,,,,,,,厉山站,白鹿塘,鹤壁,后封台站,兖州北站,白杨畈站,早阳,,,长岭站,,,,雅周站,湾里站,姚里庙站,,,,盐津北站,保安,,,,,雨过铺站,,,,,九里站,,,厦门站,,,,临溪站,江山站,南雅站,,大横站,,,柿子树站,,南充北站,,,横现河站,,扎囊站,,,石梯站,,资中站,,,,打括,,,小桥,,,,,,,,,,,,花山南站,,藁城南站,明港东,,,,,,,井口,,,沙塘站,,,,,,,,,,,,,,,,,,,,,,
,大连站,,,,,,,,,高安站,,,,,,@@,塘缀站,,,,,,,,巢湖东 ,,,,,,宣城站,,,,,,合肥南,永泰站,沈阳北站,,,,长隆公园,沙岭子站,运城北站,,,,柳州西,邕宁,,成都东站,蒲城东 ,,,,,,,,,乐山站,,,,,,,李玉站,,,,,,,,,红柳河南,,,,濯港站,,,万州站,,,,杭州南,嵩明,,,昆明站,,,,惠州站,,,,,,,净明铺站,湄池,淇县,昌黎站,兖州站,瑞昌站,安康,,,附城站,,,,泰兴站,化鱼山站,大顾店站,,,,盐津站,六塘,,,,,龙头寨站,,,,,沙湾站,,,@@,,,,三昆站,上铺站,大横站,,陈墩站,,,颜家垄站,,南充东站 ,,,略阳站,,贡嘎站,,,文崇站,,茅店子站,,,,白马洞,,,土溪,,,,,,,,,,,,,,石家庄站,信阳东,,,,,,,,,,刘套站,,,,,,,,,,,,,,,,,,,,,,
,,,,,,,,,,新余北站,,,,,,新会,吴川站,,,,,,,,含山西,,,,,,郎溪站,,,,,,长临河,涵江北站,沈阳站,,,,鹤洲南,张家口南站,永济北站,,,,柳州,南宁东,,,张桥,,,,,,,,,峨眉站,,,,,,,蓿_站,,,,,,,,,思甜南,,,,孔垄站,,,,,,,,昆明南,,,,,,,博罗东站,,,,,,,唐县镇站,诸暨东,新乡北,张家庄站,程家庄站,新塘铺站,月河,,,遂溪站,,,,靖江站,芜湖站,叶集站,,,,豆沙关站,百色,,,,,老蒙自站,,,,,轸溪站,,,漳州北站,,,,歙县站,贺村站,陈墩站,,南平南站,,,衡阳北站,,岳池站,,,王家沱站,,协荣站,,,白腊坪站,,银山镇站,,,,羊场,,,三汇镇,,,,,,,,,,,,,,井陉北站,孝感北,,,,,,,,,,杨楼站,,,,,,,,,,,,,,,,,,,,,,
,,,,,,,,,,宜春站,,,,,,江门,,,,,,,,,芜湖北,,,,,,广德南站,,,,,,巢湖东,莆田站,@@,,,,三灶,孔家庄站,大荔站,,,,@@,南宁 ,,,何寨,,,,,,,,,峨眉山站,,,,,,,脑高站,,,,,,,,,烟墩东,,,,小池口站,,,,,,,,,,,,,,,泰美站,,,,,,,万福店站,诸暨,新乡,留守营站,邹城站,九里垄站,石庙沟,,,塘口站,,,,靖江南站,青弋江站,祖师庙站,,,,沙沙坡站,永乐,,,,,,,,,,刘沟站,,,漳州东站,,,,岩寺站,新塘边站,南平南站,,洋丹仔站,,,衡阳站,,广安南站,,,乐素河站,,白德站,,,覃家坝站,,史家乡站,,,,大树脚,,,渡市,,,,,,,,,,,,,,阳泉北站,横店东,,,,,,,,,,刘店站,,,,,,,,,,,,,,,,,,,,,,
,,,,,,,,,,萍乡北站,,,,,,,,,,,,,,,芜湖 ,,,,,,安吉站,,,,,,无为,@@,沈阳西站,,,,珠海机场,王玉庄站,渭南北站,,,,衡阳东,南宁南,,,新丰镇,,,,,,,,,,,,,,,,头道桥站,,,,,,,,,盐泉北,,,,九江站,,,,,,,,,,,,,,,杨村镇站,,,,,,,随阳店站,牌头,焦作东,北戴河站,井亭站,庐山站,南溪沟,,,湛江北站,,,,江阴北站,芜湖南站,固始站,,,,小关溪站,喜屯,,,,,,,,,,代湾站,,,,,,,篁墩站,湖沿站,@@,,安济站,,,@@,,高兴站,,,高潭子站,,拉萨南站,,,,,内江站,,,,磨雄隧道,,,覃家坝,,,,,,,,,,,,,,东凌井站,武汉,,,,,,,,,,黄口站,,,,,,,,,,,,,,,,,,,,,,
,,,,,,,,,,醴陵东站,,,,,,,,,,,,,,,弋江,,,,,,湖州站,,,,,,铜陵北,南昌西站 ,新沈阳北站,,,,@@,郭磊庄站,临潼东站,,,,衡阳南,崇左,,,,,,,,,,,,,,,,,,,黄羊站,,,,,,,,,哈密,,,,,,,,,,,,,,,,,,,麻坡站,,,,,,,兴隆集站,浦江,广武,南大寺站,枣庄西站,,大竹园,,,湛江站,,,,江阴站,八里湾站,李集站,,,,岔河站,六塘,,,,,,,,,,杨漩站,,,,,,,黄山站,玉山站,茶亭站,,金沙村站,,,衡阳站,,,,,巨亭站,,拉萨站,,,,,内江东站,,,,普定,,,河市坝,,,,,,,,,,,,,,太原东站,乌龙泉东,,,,,,,,,,文庄站,,,,,,,,,,,,,,,,,,,,,,
,,,,,,,,,,长沙南站,,,,,,,,,,,,,,,湾_南,,,,,,德清站,,,,,,南陵,南昌北站,,,,,小榄,柴沟堡站,西安北站,,,,@@,宁明,,,,,,,,,,,,,,,,,,,补隆淖站,,,,,,,,,柳树泉南,,,,,,,,,,,,,,,,,,,埔前站,,,,,,,枣阳站,义乌,海棠寺,秦皇岛站,徐州北站,,月池台,,,,,,,月城站,石_镇站,商城站,,,,大关站,田丁,,,,,,,,,,共和站,,,,,,,金村站,广丰站,上饶站,,葫芦山站,,,茶山坳站,,,,,阳平关站,,,,,,,_木镇站,,,,黄桶,,,达州,,,,,,,,,,,,,,太原南站,咸宁北,,,,,,,,,,李庄站,,,,,,,,,,,,,,,,,,,,,,
,,,,,,,,,,湘潭北站,,,,,,,,,,,,,,,宣城 ,,,,,,杭州东站,,,,,,泾县,,,,,,古镇,西湾堡站,,,,,鹧鸪江,凭祥,,,,,,,,,,,,,,,,,,,黄土档站,,,,,,,,,了墩北,,,,,,,,,,,,,,,,,,,新服站,,,,,,,董岗站,义乌西,郑州,龙家营站,徐州站,,大米溪,,,,,,,前洲站,峨桥站,谌老营站,,,,曾家坪子站,汪甸,,,,,,,,,,峨边站,,,,,,,休宁站,上饶站,@@,,下过溪站,,,颜家垄站,,,,,燕子砭站,,,,,,,双凤驿站,,,,,,,,,,,,,,,,,,,,,,赤壁北,,,,,,,,,,范庄站,,,,,,,,,,,,,,,,,,,,,,
,,,,,,,,,,韶山南站,,,,,,,,,,,,,,,郎溪,,,,,,,,,,,,旌德,,,,,,外海,永嘉堡站,,,,,青茅,隘口,,,,,,,,,,,,,,,,,,,巴彦高勒站,,,,,,,,,红层南,,,,,,,,,,,,,,,,,,,白田站,,,,,,,琚湾站,塘雅,郑州南,山海关站,符离集站,,紫阳,,,,,,,无锡西站,繁昌站,江家集站,,,,苍坪站,田林,,,,,,,,,,柏村站,,,,,,,岩前站,枫岭头站,上饶站,,尤溪口站,,,,,,,,丁家坝站,,,,,,,迎祥街站,,,,,,,,,,,,,,,,,,,,,,岳阳东,,,,,,,,,,砀山站,,,,,,,,,,,,,,,,,,,,,,
,,,,,,,,,,娄底南站,,,,,,,,,,,,,,,广德南,,,,,,,,,,,,绩溪北,,,,,,江门东,夏小堡站,,,,,柳州西,@@,,,,,,,,,,,,,,,,,,,杭锦旗站,,,,,,,,,小草湖西,,,,,,,,,,,,,,,,,,,河源站,,,,,,,张家集站,东孝,新郑,东戴河站,宿州站,,向阳镇,,,,,,,武进站,繁昌北站,传流店站,,,,邓家湾站,红旗屯,,,,,,,,,,金口河站,,,,,,,黟县站,坑口站,横峰站,,樟湖板站,,,,,,,,大滩站,,,,,,,隆昌站,,,,,,,,,,,,,,,,,,,,,,汨罗东,,,,,,,,,,赵屯站,,,,,,,,,,,,,,,,,,,,,,
,,,,,,,,,,邵阳北站,,,,,,,,,,,,,,,安吉,,,,,,,,,,,,歙县北,,,,,,礼乐,天镇站,,,,, 柳州,柳州南,,,,,,,,,,,,,,,,,,,磨石沟站,,,,,,,,,吐哈,,,,,,,,,,,,,,,,,,,仙塘站,,,,,,,简家坡站,金华东,长葛,绥中北站,蚌埠站,,权河,,,,,,,宜兴北站,枫香墩站,潢川站,,,,田梁子站,潞城乡,,,,,,,,,,关村坝站,,,,,,,北坑站,横峰站,,,双坑站,,,,,,,,军师庙站,,,,,,,石燕桥站,,,,,,,,,,,,,,,,,,,,,,长沙南,,,,,,,,,,周楼站,,,,,,,,,,,,,,,,,,,,,,
,,,,,,,,,,新化南站,,,,,,,,,,,,,,,湖州,,,,,,,,,,,,黄山北,,,,,,新会,罗文皂站,,,,,,柳州东,,,,,,,,,,,,,,,,,,,大陆盖站,,,,,,,,,鄯善北,,,,,,,,,,,,,,,,,,,楼角站,,,,,,,襄阳东站,金华,许昌,葫芦岛北站,蚌埠东站,,高滩,,,,,,,宜兴西站,钟鸣站,潢川北站,,,,彝良站,岩龙,,,,,,,,,,长河坝站,,,,,,,金字牌站,弋阳站,,,古田站,,,,,,,,朝天南站,,,,,,,李市镇站,,,,,,,,,,,,,,,,,,,,,,株洲西,,,,,,,,,,夏邑县站,,,,,,,,,,,,,,,,,,,,,,
,,,,,,,,,,溆浦南站,,,,,,,,,,,,,,,德清,,,,,,,,,,,,婺源,,,,,,江门 ,阳高站,,,,,,,,,,,,,,,,,,,,,,,,,桃司兔站,,,,,,,,,胜金北,,,,,,,,,,,,,,,,,,,义合站,,,,,,,襄阳北站,白龙桥,临颍,锦州南站,滁州北站,,毛坝关,,,,,,,丁山站,顺安站,郑凹站,,,,彝良南站,板桃,,,,,,,,,,汉源站,,,,,,,祁门站,河潭埠站,,,莪洋站,,,,,,,,观音坝站,,,,,,,安富镇站,,,,,,,,,,,,,,,,,,,,,,衡山西,,,,,,,,,,李新集站,,,,,,,,,,,,,,,,,,,,,,
,,,,,,,,,,怀化南站,,,,,,,,,,,,,,,杭州东,,,,,,,,,,,,德兴,,,,,,,王官人屯站,,,,,,,,,,,,,,,,,,,,,,,,,依克布浪站,,,,,,,,,吐鲁番北,,,,,,,,,,,,,,,,,,,黄田站,,,,,,,马棚站,蒋堂,漯河,盘锦北站,永宁镇站,,麻柳,,,,,,,夹浦站,狮子山站,息县站,,,,二道桥站,根龙,,,,,,,,,,尼日站,,,,,,,侯潭站,贵溪站,,,水口站,,,,,,,,冉家河站,,,,,,,广顺场站,,,,,,,,,,,,,,,,,,,,,,衡阳东,,,,,,,,,,虞城县站,,,,,,,,,,,,,,,,,,,,,,
,,,,,,,,,,芷江站,,,,,,,,,,,,,,,@@,,,,,,,,,,,,上饶,,,,,,,聚乐堡站,,,,,,,,,,,,,,,,,,,,,,,,,那林桃_站,,,,,,,,,大河沿,,,,,,,,,,,,,,,,,,,蓝口站,,,,,,,熊营站,汤溪,西平,台安站,林场站,,松树坡,,,,,,,长兴南站,立新站,孙铁铺站,,,,昭通北站,平林村,,,,,,,,,,苏雄站,,,,,,,新红光站,童家站,,,浦后站,,,,,,,,广元站,,,,,,,荣昌站,,,,,,,,,,,,,,,,,,,,,,耒阳西,,,,,,,,,,张阁庄站,,,,,,,,,,,,,,,,,,,,,,
,,,,,,,,,,新晃西站,,,,,,,,,,,,,,,肥东,,,,,,,,,,,,五府山,,,,,,,周士庄站,,,,,,,,,,,,,,,,,,,,,,,,,大羊场站,,,,,,,,,盐湖西,,,,,,,,,,,,,,,,,,,佗城站,,,,,,,黑龙堰站,龙游东,驻马店,辽中站,南京站,,巴山,,,,,,,,铜陵西站,罗湾站,,,,昭通站,八渡,,,,,,,,,,凉红站,,,,,,,溶口站,鹰潭站,,,大箬站,,,,,,,,广元南站,,,,,,,峰高铺站,,,,,,,,,,,,,,,,,,,,,,郴州西,,,,,,,,,,商丘站,,,,,,,,,,,,,,,,,,,,,,
,,,,,,,,,,大宗坪站,,,,,,,,,,,,,,,合肥南,,,,,,,,,,,,武夷山北,,,,,,,大同东站,,,,,,,,,,,,,,,,,,,,,,,,,碱柜站,,,,,,,,,乌鲁木齐南,,,,,,,,,,,,,,,,,,,龙川站,,,,,,,朱坡站,龙游,明港,皇姑屯站,南京东站,,官渡,,,,,,,,,罗山站,,,,昭通南站,文佃,,,,,,,,,,埃岱站,,,,,,,倒湖站,余江站,,,闽清站,,,,,,,,走马岭站,,,,,,,大足站,,,,,,,,,,,,,,,,,,,,,,乐昌东,,,,,,,,,,商丘西站,,,,,,,,,,,,,,,,,,,,,,
,,,,,,,,,,铜仁南站,,,,,,,,,,,,,,,,,,,,,,,,,,,武夷山东,,,,,,,大同站,,,,,,,,,,,,,,,,,,,,,,,,,千里山站,,,,,,,,,乌鲁木齐,,,,,,,,,,,,,,,,,,,铁场站,,,,,,,陈家湖站,衢州东,信阳,沈阳北站,镇江站,,万源,,,,,,,,,夏家湾站,,,,花土坡站,板其,,,,,,,,,,甘洛站,,,,,,,方家坞站,东乡站,,,大目埕站,,,,,,,,昭化站,,,,,,,长河碥站,,,,,,,,,,,,,,,,,,,,,,韶关,,,,,,,,,,李门楼站,,,,,,,,,,,,,,,,,,,,,,
,,,,,,,,,,三穗站,,,,,,,,,,,,,,,,,,,,,,,,,,,建瓯西,,,,,,,古店站,,,,,,,,,,,,,,,,,,,,,,,,,乌海北站,,,,,,,,,,,,,,,,,,,,,,,,,,,,华城站,,,,,,,太平店站,衢州,鸡公山,文官屯站,丹阳站,,青花,,,,,,,,,伍家坡站,,,,仙水站,尾芽,,,,,,,,,,南尔岗站,,,,,,,营里站,衙前站,,,白沙镇站,,,,,,,,沙溪坝站,,,,,,,双石桥站,,,,,,,,,,,,,,,,,,,,,,英德西,,,,,,,,,,谢集镇站,,,,,,,,,,,,,,,,,,,,,,
,,,,,,,,,,凯里南站,,,,,,,,,,,,,,,,,,,,,,,,,,,南平北,,,,,,,孤山站,,,,,,,,,,,,,,,,,,,,,,,,,源地站,,,,,,,,,,,,,,,,,,,,,,,,,,,,兴宁西站,,,,,,,老河口东站,后溪街,广水,虎石台站,常州站,,曹家坝,,,,,,,,,闵岗站,,,,迤那站,册亨,,,,,,,,,,阿寨站,,,,,,,峙滩站,进贤站,,,闽侯站,,,,,,,,竹园坝站,,,,,,,永川站,,,,,,,,,,,,,,,,,,,,,,清远,,,,,,,,,,孔集站,,,,,,,,,,,,,,,,,,,,,,
,,,,,,,,,,贵定北站,,,,,,,,,,,,,,,,,,,,,,,,,,,古田北,,,,,,,堡子湾站,,,,,,,,,,,,,,,,,,,,,,,,,乌海站,,,,,,,,,,,,,,,,,,,,,,,,,,,,兴宁站,,,,,,,仙人渡站,江山,杨寨,新城子站,无锡站,,花楼坝,,,,,,,,,平桥站,,,,老锅厂站,石头寨,,,,,,,,,,白果站,,,,,,,下明溪站,温家圳站,,,江板站,,,,,,,,斑竹园站,,,,,,,栏杆滩站,,,,,,,,,,,,,,,,,,,,,,广州北,,,,,,,,,,宁陵县站,,,,,,,,,,,,,,,,,,,,,,
,,,,,,,,,,贵阳东站,,,,,,,,,,,,,,,,,,,,,,,,,,,闽清北,,,,,,,五台洼站,,,,,,,,,,,,,,,,,,,,,,,,,中滩站,,,,,,,,,,,,,,,,,,,,,,,,,,,,畲江站,,,,,,,老河口站,上铺,孝感,新台子站,苏州西站,,罗文,,,,,,,,,信阳站,,,,李子沟站,沙厂坪,,,,,,,,,,白石岩站,,,,,,,福港站,梁家渡站,,,杜坞站,,,,,,,,马角坝站,,,,,,,临江场站,,,,,,,,,,,,,,,,,,,,,,广州南,,,,,,,,,,三丈寺站,,,,,,,,,,,,,,,,,,,,,,
,,,,,,,,,,贵阳北站,,,,,,,,,,,,,,,,,,,,,,,,,,,福州,,,,,,,丰镇站,,,,,,,,,,,,,,,,,,,,,,,,,黄白茨站,,,,,,,,,,,,,,,,,,,,,,,,,,,,上鹅峰站,,,,,,,洪山咀站,贺村,横店,乱石山站,苏州站,,毛坝,,,,,,,,,信阳北站,,,,朱嘎站,冗百,,,,,,,,,,越西站,,,,,,,韩坑站,潭岗站,,,福州站,,,,,,,,二郎庙站,,,,,,,柏林站,,,,,,,,,,,,,,,,,,,,,,,,,,,,,,,,民权站,,,,,,,,,,,,,,,,,,,,,,
,,,,,,,,,,贵安站,,,,,,,,,,,,,,,,,,,,,,,,,,,福州南站,,,,,,,监地站,,,,,,,,,,,,,,,,,,,,,,,,,乌海西站,,,,,,,,,,,,,,,,,,,,,,,,,,,,梅州站,,,,,,,苏家河站,新塘边,滠口,得胜台站,昆山站,,宣汉,,,,,,,,,江湾村站,,,,草海站,白水河,,,,,,,,,,铁西站,,,,,,,浮梁站,丰城站,,,福州东站,,,,,,,,厚坝站,,,,,,,茨坝站,,,,,,,,,,,,,,,,,,,,,,,,,,,,,,,,野鸡岗站,,,,,,,,,,,,,,,,,,,,,,
,,,,,,,,,,平坝南站,,,,,,,,,,,,,,,,,,,,,,,,,,,长乐站,,,,,,,新安庄站,,,,,,,,,,,,,,,,,,,,,,,,,落石滩站,,,,,,,,,,,,,,,,,,,,,,,,,,,,松棚站,,,,,,,付家寨站,湖沿,汉西,铁岭站,陆家浜站,,石柱槽,,,,,,,,,信阳西站,,,,清水沟站,安龙,,,,,,,,,,下普雄站,,,,,,,景德镇站,樟树站,,,,,,,,,,,小溪坝站,,,,,,,朱杨溪站,,,,,,,,,,,,,,,,,,,,,,,,,,,,,,,,内黄集站,,,,,,,,,,,,,,,,,,,,,,
,,,,,,,,,,安顺西站,,,,,,,,,,,,,,,,,,,,,,,,,,,长乐东站,,,,,,,永王庄站,,,,,,,,,,,,,,,,,,,,,,,,,惠农站,,,,,,,,,,,,,,,,,,,,,,,,,,,,清潭站,,,,,,,丹江站,玉山,汉阳,平顶堡站,南翔编组站,,蒲家,,,,,,,,,小湾站,,,,金钟站,龙广,,,,,,,,,,拉白站,,,,,,,景德镇南站,张家山站,,,,,,,,,,,双河口站,,,,,,,平等站,,,,,,,,,,,,,,,,,,,,,,,,,,,,,,,,杨庄站,,,,,,,,,,,,,,,,,,,,,,
,,,,,,,,,,关岭站,,,,,,,,,,,,,,,,,,,,,,,,,,,松下站,,,,,,,红砂坝站,,,,,,,,,,,,,,,,,,,,,,,,,红果子站,,,,,,,,,,,,,,,,,,,,,,,,,,,,北斗站,,,,,,,@@,广丰,武昌,中固站,上海西站,,双龙,,,,,,,,,小林站,,,,凉水井站,郑屯,,,,,,,,,,普雄站,,,,,,,鲇鱼山站,临江镇站,,,,,,,,,,,江油站,,,,,,,白沙站,,,,,,,,,,,,,,,,,,,,,,,,,,,,,,,,兰考站,,,,,,,,,,,,,,,,,,,,,,
,,,,,,,,,,普安县站,,,,,,,,,,,,,,,,,,,,,,,,,,,平潭站,,,,,,,索家村站,,,,,,,,,,,,,,,,,,,,,,,,,燕子墩站,,,,,,,,,,,,,,,,,,,,,,,,,,,,丰顺站,,,,,,,襄阳东站,上饶,武昌南,开原站,上海站,,梁家坝,,,,,,,,,李家湾村站,,,,石丫口站,兴义,,,,,,,,,,上普雄站,,,,,,,慈义站,新余站,,,,,,,,,,,三合场站,,,,,,,金刚沱站,,,,,,,,,,,,,,,,,,,,,,,,,,,,,,,,曹新庄站,,,,,,,,,,,,,,,,,,,,,,
,,,,,,,,,,盘州站,,,,,,,,,,,,,,,,,,,,,,,,,,,新竹,,,,,,,土贵乌拉站,,,,,,,,,,,,,,,,,,,,,,,,,石嘴山站,,,,,,,,,,,,,,,,,,,,,,,,,,,,玉湖站,,,,,,,襄阳站,枫岭头,咸宁,马仲河站,上海客技站,,达州,,,,,,,,,月河店站,,,,梅花山站,清水河东,,,,,,,,,,尔赛河站,,,,,,,塔前站,分宜站,,,,,,,,,,,石马坝站,,,,,,,油溪站,,,,,,,,,,,,,,,,,,,,,,,,,,,,,,,,罗王站,,,,,,,,,,,,,,,,,,,,,,
,,,,,,,,,,富源北站,,,,,,,,,,,,,,,,,,,,,,,,,,,台北,,,,,,,纳继站,,,,,,,,,,,,,,,,,,,,,,,,,西大滩站,,,,,,,,,,,,,,,,,,,,,,,,,,,,新亨站,,,,,,,@@,坑口,赤壁,昌图站,,,河市坝,,,,,,,,,桐柏站,,,,葡萄菁站,清水河西,,,,,,,,,,尼波站,,,,,,,乐平市站,宜春站,,,,,,,,,,,绵阳北站,,,,,,,古家沱站,,,,,,,,,,,,,,,,,,,,,,,,,,,,,,,,黄姚站,,,,,,,,,,,,,,,,,,,,,,
,,,,,,,,,,曲靖北站,,,,,,,,,,,,,,,,,,,,,,,,,,,,,,,,,,苏集站,,,,,,,,,,,,,,,,,,,,,,,,,暖泉站,,,,,,,,,,,,,,,,,,,,,,,,,,,,揭阳站,,,,,,,襄阳站,横峰,岳阳北,双庙子站,,,洪家嘴,,,,,,,,,七里桥站,,,,马嘎站,品甸,,,,,,,,,,乐武站,,,,,,,库前站,芦溪站,,,,,,,,,,,绵阳站,,,,,,,江津站,,,,,,,,,,,,,,,,,,,,,,,,,,,,,,,,兴隆站,,,,,,,,,,,,,,,,,,,,,,
,,,,,,,,,,嵩明站,,,,,,,,,,,,,,,,,,,,,,,,,,,,,,,,,,古营盘站,,,,,,,,,,,,,,,,,,,,,,,,,芦花台站,,,,,,,,,,,,,,,,,,,,,,,,,,,,揭东站,,,,,,,襄阳北站,弋阳,岳阳,毛家店站,,,覃家坝,,,,,,,,,淮源站,,,,六盘水站,威舍,,,,,,,,,,红峰站,,,,,,,甘棠站,萍乡站,,,,,,,,,,,皂角铺站,,,,,,,黄_站,,,,,,,,,,,,,,,,,,,,,,,,,,,,,,,,开封站,,,,,,,,,,,,,,,,,,,,,,
,,,,,,,,,,昆明南站,,,,,,,,,,,,,,,,,,,,,,,,,,,,,,,,,,集宁南站,,,,,,,,,,,,,,,,,,,,,,,,,西湖站,,,,,,,,,,,,,,,,,,,,,,,,,,,,潮州站,,,,,,,,河潭埠,长沙,四平站,,,渡市,,,,,,,,,新集站,,,,@@,大田边,,,,,,,,,,沙马拉达站,,,,,,,韩美岭站,醴陵站,,,,,,,,,,,罗江站,,,,,,,铜罐驿站,,,,,,,,,,,,,,,,,,,,,,,,,,,,,,,,杏花营站,,,,,,,,,,,,,,,,,,,,,,
,,,,,,,,,,,,,,,,,,,,,,,,,,,,,,,,,,,,,,,,,,,,葫芦站,,,,,,,,,,,,,,,,,,,,,,,,,银川站,,,,,,,,,,,,,,,,,,,,,,,,,,,,龙湖南站,,,,,,,,贵溪,田心,十家堡站,,,农乐,,,,,,,,,安棚站,,,,六盘水站,革居,,,,,,,,,,瓦祖站,,,,,,,万年站,株洲站,,,,,,,,,,,黄许镇站,,,,,,,石场站,,,,,,,,,,,,,,,,,,,,,,,,,,,,,,,,韩庄镇站,,,,,,,,,,,,,,,,,,,,,,
,,,,,,,,,,,,,,,,,,,,,,,,,,,,,,,,,,,,,,,,,,,,三岔口站,,,,,,,,,,,,,,,,,,,,,,,,,银川南站,,,,,,,,,,,,,,,,,,,,,,,,,,,,潮安站,,,,,,,,童家,株洲,郭家店站,,,三汇镇,,,,,,,,,毕店站,,,,马嘎站,岔江,,,,,,,,,,铁口站,,,,,,,葛家店站,,,,,,,,,,,,德阳站,,,,,,,小南海站,,,,,,,,,,,,,,,,,,,,,,,,,,,,,,,,邵岗集站,,,,,,,,,,,,,,,,,,,,,,
,,,,,,,,,,,,,,,,,,,,,,,,,,,,,,,,,,,,,,,,,,,,八苏木站,,,,,,,,,,,,,,,,,,,,,,,,,平吉堡站,,,,,,,,,,,,,,,,,,,,,,,,,,,,汕头北站,,,,,,,,鹰潭,衡山,蔡家站,,,汇南,,,,,,,,,曲伯科站,,,,葡萄菁站,小得江,,,,,,,,,,新凉站,,,,,,,画桥站,,,,,,,,,,,,德阳南站,,,,,,,伏牛溪站,,,,,,,,,,,,,,,,,,,,,,,,,,,,,,,,中牟站,,,,,,,,,,,,,,,,,,,,,,
,,,,,,,,,,,,,,,,,,,,,,,,,,,,,,,,,,,,,,,,,,,,十八台站,,,,,,,,,,,,,,,,,,,,,,,,,黄羊滩站,,,,,,,,,,,,,,,,,,,,,,,,,,,,汕头站,,,,,,,,余江,衡阳北,大榆树站,,,流溪场,,,,,,,,,唐河站,,,,梅花山站,江所田,,,,,,,,,,联合乡站,,,,,,,硬石岭站,,,,,,,,,,,,广汉站,,,,,,,茄子溪站,,,,,,,,,,,,,,,,,,,,,,,,,,,,,,,,占杨站,,,,,,,,,,,,,,,,,,,,,,
,,,,,,,,,,,,,,,,,,,,,,,,,,,,,,,,,,,,,,,,,,,,哈拉站,,,,,,,,,,,,,,,,,,,,,,,,,玉泉营站,,,,,,,,,,,,,,,,,,,,,,,,,,,,,,,,,,,,东乡,衡阳,公主岭站,,,临巴溪,,,,,,,,,仝堂站,,,,乐居站,罗平,,,,,,,,,,喜德站,,,,,,,中村站,,,,,,,,,,,,青白江站,,,,,,,大渡口站,,,,,,,,,,,,,,,,,,,,,,,,,,,,,,,,南寺站,,,,,,,,,,,,,,,,,,,,,,
,,,,,,,,,,,,,,,,,,,,,,,,,,,,,,,,,,,,,,,,,,,,马盖图站,,,,,,,,,,,,,,,,,,,,,,,,,大坝站,,,,,,,,,,,,,,,,,,,,,,,,,,,,,,,,,,,,衙前,耒阳,陶家屯站,,,渠县,,,,,,,,,白秋站,,,,罗盘地站,羊者窝,,,,,,,,,,冕山站,,,,,,,贵溪北站,,,,,,,,,,,,大弯镇站 ,,,,,,,洛中子站,,,,,,,,,,,,,,,,,,,,,,,,,,,,,,,,圃田营站,,,,,,,,,,,,,,,,,,,,,,
,,,,,,,,,,,,,,,,,,,,,,,,,,,,,,,,,,,,,,,,,,,,姑家堡站,,,,,,,,,,,,,,,,,,,,,,,,,小坝站,,,,,,,,,,,,,,,,,,,,,,,,,,,,,,,,,,,,进贤,郴州,范家屯站,,,琅琊,,,,,,,,,金华乡站,,,,树舍站,中寨,,,,,,,,,,新铁村站,,,,,,,贵溪站,,,,,,,,,,,,新都站,,,,,,,重庆南站,,,,,,,,,,,,,,,,,,,,,,,,,,,,,,,,圃田西站,,,,,,,,,,,,,,,,,,,,,,
,,,,,,,,,,,,,,,,,,,,,,,,,,,,,,,,,,,,,,,,,,,,卓资山站,,,,,,,,,,,,,,,,,,,,,,,,,青铜峡站,,,,,,,,,,,,,,,,,,,,,,,,,,,,,,,,,,,,温家圳,坪石,大屯站,,,望溪,,,,,,,,,南阳东站,,,,扒挪块站,新安,,,,,,,,,,冕宁站,,,,,,,童家站,,,,,,,,,,,,新都东站,,,,,,,重庆站,,,,,,,,,,,,,,,,,,,,,,,,,,,,,,,,郑州站,,,,,,,,,,,,,,,,,,,,,,
,,,,,,,,,,,,,,,,,,,,,,,,,,,,,,,,,,,,,,,,,,,,福生庄站,,,,,,,,,,,,,,,,,,,,,,,,,青分站,,,,,,,,,,,,,,,,,,,,,,,,,,,,,,,,,,,,梁家渡,乐昌,长春南站,,,观阁场,,,,,,,,,南阳站,,,,荷马岭站,师宗,,,,,,,,,,漫水湾站,,,,,,,鹰潭站,,,,,,,,,,,,天回镇站,,,,,,,,,,,,,,,,,,,,,,,,,,,,,,,,,,,,,,,中原站,,,,,,,,,,,,,,,,,,,,,,
,,,,,,,,,,,,,,,,,,,,,,,,,,,,,,,,,,,,,,,,,,,,安居站,,,,,,,,,,,,,,,,,,,,,,,,,分守岭站,,,,,,,,,,,,,,,,,,,,,,,,,,,,,,,,,,,,潭岗,韶关东,长春站,,,广安,,,,,,,,,南阳西站,,,,背开柱站,秧草地,,,,,,,,,,月华站,,,,,,,,,,,,,,,,,,,成都站,,,,,,,,,,,,,,,,,,,,,,,,,,,,,,,,,,,,,,,铁炉站,,,,,,,,,,,,,,,,,,,,,,
,,,,,,,,,,,,,,,,,,,,,,,,,,,,,,,,,,,,,,,,,,,,三道营站,,,,,,,,,,,,,,,,,,,,,,,,,渠口堡站,,,,,,,,,,,,,,,,,,,,,,,,,,,,,,,,,,,,丰城,英德,长春北站,,,禄市,,,,,,,,,遮山站,,,,木戛站,陆良,,,,,,,,,,礼州站,,,,,,,,,,,,,,,,,,,,,,,,,,,,,,,,,,,,,,,,,,,,,,,,,,,,,,,,,,关帝庙站,,,,,,,,,,,,,,,,,,,,,,
,,,,,,,,,,,,,,,,,,,,,,,,,,,,,,,,,,,,,,,,,,,,蒙古营站,,,,,,,,,,,,,,,,,,,,,,,,,枣园堡站,,,,,,,,,,,,,,,,,,,,,,,,,,,,,,,,,,,,拖船埠,连江口,一间堡站,,,华蓥,,,,,,,,,郭洼站,,,,田坝站,宜耐,,,,,,,,,,西昌北站,,,,,,,,,,,,,,,,,,,,,,,,,,,,,,,,,,,,,,,,,,,,,,,,,,,,,,,,,,荥阳站,,,,,,,,,,,,,,,,,,,,,,
,,,,,,,,,,,,,,,,,,,,,,,,,,,,,,,,,,,,,,,,,,,,旗下营站,,,,,,,,,,,,,,,,,,,,,,,,,新市沟站,,,,,,,,,,,,,,,,,,,,,,,,,,,,,,,,,,,,樟树,源潭,米沙子站,,,高兴,,,,,,,,,镇平站,,,,邓家村站,西街口,,,,,,,,,,西昌站,,,,,,,,,,,,,,,,,,,,,,,,,,,,,,,,,,,,,,,,,,,,,,,,,,,,,,,,,,上街站,,,,,,,,,,,,,,,,,,,,,,
,,,,,,,,,,,,,,,,,,,,,,,,,,,,,,,,,,,,,,,,,,,,民族站,,,,,,,,,,,,,,,,,,,,,,,,,中宁站,,,,,,,,,,,,,,,,,,,,,,,,,,,,,,,,,,,,张家山,广州北,沃皮站,,,庆华,,,,,,,,,晁陂站,,,,且午站,茂舍祖,,,,,,,,,,西昌南站,,,,,,,,,,,,,,,,,,,,,,,,,,,,,,,,,,,,,,,,,,,,,,,,,,,,,,,,,,汜水站,,,,,,,,,,,,,,,,,,,,,,
,,,,,,,,,,,,,,,,,,,,,,,,,,,,,,,,,,,,,,,,,,,,陶卜齐站,,,,,,,,,,,,,,,,,,,,,,,,,黄羊湾站,,,,,,,,,,,,,,,,,,,,,,,,,,,,,,,,,,,,临江镇,江村,布海站,,,长胜沟,,,,,,,,,曲屯站,,,,徐屯站,石林,,,,,,,,,,经久站,,,,,,,,,,,,,,,,,,,,,,,,,,,,,,,,,,,,,,,,,,,,,,,,,,,,,,,,,,穆沟站,,,,,,,,,,,,,,,,,,,,,,
,,,,,,,,,,,,,,,,,,,,,,,,,,,,,,,,,,,,,,,,,,,,郭家营站,,,,,,,,,,,,,,,,,,,,,,,,,柳家庄站,,,,,,,,,,,,,,,,,,,,,,,,,,,,,,,,,,,,黄土岗,棠溪,德惠站,,,三汇坝,,,,,,,,,灌涨铺站,,,,凤凰山站,石林南,,,,,,,,,,黄联关站,,,,,,,,,,,,,,,,,,,,,,,,,,,,,,,,,,,,,,,,,,,,,,,,,,,,,,,,,,沙鱼沟站,,,,,,,,,,,,,,,,,,,,,,
,,,,,,,,,,,,,,,,,,,,,,,,,,,,,,,,,,,,,,,,,,,,白塔站,,,,,,,,,,,,,,,,,,,,,,,,,镇罗堡站,,,,,,,,,,,,,,,,,,,,,,,,,,,,,,,,,,,,罗坊,广州,中德站,,,清平,,,,,,,,,内乡站,,,,宣威站,班猫箐,,,,,,,,,,黄水塘站,,,,,,,,,,,,,,,,,,,,,,,,,,,,,,,,,,,,,,,,,,,,,,,,,,,,,,,,,,站街站,,,,,,,,,,,,,,,,,,,,,,
,,,,,,,,,,,,,,,,,,,,,,,,,,,,,,,,,,,,,,,,,,,,南店站,,,,,,,,,,,,,,,,,,,,,,,,,中卫站,,,,,,,,,,,,,,,,,,,,,,,,,,,,,,,,,,,,新余,@@,达家沟站,,,天府北,,,,,,,,,赵店站,,,,龙津沟站,宜良北,,,,,,,,,,麻栗站,,,,,,,,,,,,,,,,,,,,,,,,,,,,,,,,,,,,,,,,,,,,,,,,,,,,,,,,,,巩义站,,,,,,,,,,,,,,,,,,,,,,
,,,,,,,,,,,,,,,,,,,,,,,,,,,,,,,,,,,,,,,,,,,,呼和浩特站,,,,,,,,,,,,,,,,,,,,,,,,,迎水桥站,,,,,,,,,,,,,,,,,,,,,,,,,,,,,,,,,,,,河下,北京西,丁家园站,,,磨心坡,,,,,,,,,丹水站,,,,小鸡街站,乐善村,,,,,,,,,,黄家坝站,,,,,,,,,,,,,,,,,,,,,,,,,,,,,,,,,,,,,,,,,,,,,,,,,,,,,,,,,,黑石关站,,,,,,,,,,,,,,,,,,,,,,
,,,,,,,,,,,,,,,,,,,,,,,,,,,,,,,,,,,,,,,,,,,,攸攸板站,,,,,,,,,,,,,,,,,,,,,,,,,沙坡头站,,,,,,,,,,,,,,,,,,,,,,,,,,,,,,,,,,,,分宜,后吕村,姚家站,,,北碚,,,,,,,,,屈原岗站,,,,格以头站,永丰营,,,,,,,,,,德昌站,,,,,,,,,,,,,,,,,,,,,,,,,,,,,,,,,,,,,,,,,,,,,,,,,,,,,,,,,,回郭镇站,,,,,,,,,,,,,,,,,,,,,,
,,,,,,,,,,,,,,,,,,,,,,,,,,,,,,,,,,,,,,,,,,,,台阁牧站,,,,,,,,,,,,,,,,,,,,,,,,,孟家湾站,,,,,,,,,,,,,,,,,,,,,,,,,,,,,,,,,,,,彬江,良乡,陶赖昭站,,,沙坪坝,,,,,,,,,西峡站,,,,炎方站,施家嘴,,,,,,,,,,小高站,,,,,,,,,,,,,,,,,,,,,,,,,,,,,,,,,,,,,,,,,,,,,,,,,,,,,,,,,,偃师站 ,,,,,,,,,,,,,,,,,,,,,,
,,,,,,,,,,,,,,,,,,,,,,,,,,,,,,,,,,,,,,,,,,,,大里堡站,,,,,,,,,,,,,,,,,,,,,,,,,长流水站,,,,,,,,,,,,,,,,,,,,,,,,,,,,,,,,,,,,宜春,@@,团山站,,,@@,,,,,,,,,白河湾站,,,,红土沟站,七甸,,,,,,,,,,乐跃站,,,,,,,,,,,,,,,,,,,,,,,,,,,,,,,,,,,,,,,,,,,,,,,,,,,,,,,,,,白马寺站,,,,,,,,,,,,,,,,,,,,,,
,,,,,,,,,,,,,,,,,,,,,,,,,,,,,,,,,,,,,,,,,,,,毕克齐站,,,,,,,,,,,,,,,,,,,,,,,,,红卫站,,,,,,,,,,,,,,,,,,,,,,,,,,,,,,,,,,,,宜春西,孝感,扶余站,,,重庆,,,,,,,,,丁河站,,,,里腊站,广南卫,,,,,,,,,,蒲坝站,,,,,,,,,,,,,,,,,,,,,,,,,,,,,,,,,,,,,,,,,,,,,,,,,,,,,,,,,,洛阳东站,,,,,,,,,,,,,,,,,,,,,,
,,,,,,,,,,,,,,,,,,,,,,,,,,,,,,,,,,,,,,,,,,,,察素齐站,,,,,,,,,,,,,,,,,,,,,,,,,一碗泉站,,,,,,,,,,,,,,,,,,,,,,,,,,,,,,,,,,,,西村,武汉北,蔡家沟站,,,北碚,,,,,,,,,重阳站,,,,黑老湾站,王家营西,,,,,,,,,,永郎站,,,,,,,,,,,,,,,,,,,,,,,,,,,,,,,,,,,,,,,,,,,,,,,,,,,,,,,,,,洛阳站,,,,,,,,,,,,,,,,,,,,,,
,,,,,,,,,,,,,,,,,,,,,,,,,,,,,,,,,,,,,,,,,,,,宋拉站,,,,,,,,,,,,,,,,,,,,,,,,,干塘站,,,,,,,,,,,,,,,,,,,,,,,,,,,,,,,,,,,,芦溪,滠口,兰棱站,,,,,,,,,,,,香坊沟站,,,,松林站,羊堡,,,,,,,,,,弯_站,,,,,,,,,,,,,,,,,,,,,,,,,,,,,,,,,,,,,,,,,,,,,,,,,,,,,,,,,,洛阳西站,,,,,,,,,,,,,,,,,,,,,,
,,,,,,,,,,,,,,,,,,,,,,,,,,,,,,,,,,,,,,,,,,,,陶思浩站,,,,,,,,,,,,,,,,,,,,,,,,,小红山站,,,,,,,,,,,,,,,,,,,,,,,,,,,,,,,,,,,,泉江,@@,双城堡站,,,,,,,,,,,,西坪站,,,,沾益站,昆明东,,,,,,,,,,青杠站,,,,,,,,,,,,,,,,,,,,,,,,,,,,,,,,,,,,,,,,,,,,,,,,,,,,,,,,,,磁涧站,,,,,,,,,,,,,,,,,,,,,,
,,,,,,,,,,,,,,,,,,,,,,,,,,,,,,,,,,,,,,,,,,,,三八树站,,,,,,,,,,,,,,,,,,,,,,,,,营盘水站,,,,,,,,,,,,,,,,,,,,,,,,,,,,,,,,,,,,白源,岳阳,安西站,,,,,,,,,,,,富水站,,,,曲靖站,昆明,,,,,,,,,,沙坝站,,,,,,,,,,,,,,,,,,,,,,,,,,,,,,,,,,,,,,,,,,,,,,,,,,,,,,,,,,安乐村站,,,,,,,,,,,,,,,,,,,,,,
,,,,,,,,,,,,,,,,,,,,,,,,,,,,,,,,,,,,,,,,,,,,美岱召站,,,,,,,,,,,,,,,,,,,,,,,,,大格达站,,,,,,,,,,,,,,,,,,,,,,,,,,,,,,,,,,,,萍乡,长沙东,五家站,,,,,,,,,,,,商南站,,,,沾家屯站,,,,,,,,,,,米易站,,,,,,,,,,,,,,,,,,,,,,,,,,,,,,,,,,,,,,,,,,,,,,,,,,,,,,,,,,新安县站,,,,,,,,,,,,,,,,,,,,,,
,,,,,,,,,,,,,,,,,,,,,,,,,,,,,,,,,,,,,,,,,,,,老藏站,,,,,,,,,,,,,,,,,,,,,,,,,白墩子站,,,,,,,,,,,,,,,,,,,,,,,,,,,,,,,,,,,,姚家洲,@@,王岗站,,,,,,,,,,,,试马站,,,,大海哨站,,,,,,,,,,,丙谷站,,,,,,,,,,,,,,,,,,,,,,,,,,,,,,,,,,,,,,,,,,,,,,,,,,,,,,,,,,南岗站,,,,,,,,,,,,,,,,,,,,,,
,,,,,,,,,,,,,,,,,,,,,,,,,,,,,,,,,,,,,,,,,,,,萨拉齐站,,,,,,,,,,,,,,,,,,,,,,,,,长城站,,,,,,,,,,,,,,,,,,,,,,,,,,,,,,,,,,,,灯芯桥,株洲,哈尔滨西站,,,,,,,,,,,,清油河站,,,,马龙站,,,,,,,,,,,垭口站,,,,,,,,,,,,,,,,,,,,,,,,,,,,,,,,,,,,,,,,,,,,,,,,,,,,,,,,,,铁门站,,,,,,,,,,,,,,,,,,,,,,
,,,,,,,,,,,,,,,,,,,,,,,,,,,,,,,,,,,,,,,,,,,,公积坂站,,,,,,,,,,,,,,,,,,,,,,,,,景泰站,,,,,,,,,,,,,,,,,,,,,,,,,,,,,,,,,,,,醴陵,株洲北,哈尔滨站,,,,,,,,,,,,毛坪站,,,,吴官田站,,,,,,,,,,,枣子林站,,,,,,,,,,,,,,,,,,,,,,,,,,,,,,,,,,,,,,,,,,,,,,,,,,,,,,,,,,石佛站,,,,,,,,,,,,,,,,,,,,,,
,,,,,,,,,,,,,,,,,,,,,,,,,,,,,,,,,,,,,,,,,,,,东兴站,,,,,,,,,,,,,,,,,,,,,,,,,兴泉堡站,,,,,,,,,,,,,,,,,,,,,,,,,,,,,,,,,,,,东冲铺,,,,,,,,,,,,,,铁峪铺站,,,,照福铺站,,,,,,,,,,,桐子林站,,,,,,,,,,,,,,,,,,,,,,,,,,,,,,,,,,,,,,,,,,,,,,,,,,,,,,,,,,义马站,,,,,,,,,,,,,,,,,,,,,,
,,,,,,,,,,,,,,,,,,,,,,,,,,,,,,,,,,,,,,,,,,,,古城湾站,,,,,,,,,,,,,,,,,,,,,,,,,喜集水站,,,,,,,,,,,,,,,,,,,,,,,,,,,,,,,,,,,,五里墩,,,,,,,,,,,,,,南河站,,,,马过河站,,,,,,,,,,,牛坪子站,,,,,,,,,,,,,,,,,,,,,,,,,,,,,,,,,,,,,,,,,,,,,,,,,,,,,,,,,,姚礼站,,,,,,,,,,,,,,,,,,,,,,
,,,,,,,,,,,,,,,,,,,,,,,,,,,,,,,,,,,,,,,,,,,,包头东站,,,,,,,,,,,,,,,,,,,,,,,,,黄崖站,,,,,,,,,,,,,,,,,,,,,,,,,,,,,,,,,,,,株洲,,,,,,,,,,,,,,丹凤站,,,,甘海子站,,,,,,,,,,,三堆子站,,,,,,,,,,,,,,,,,,,,,,,,,,,,,,,,,,,,,,,,,,,,,,,,,,,,,,,,,,渑池站,,,,,,,,,,,,,,,,,,,,,,
,,,,,,,,,,,,,,,,,,,,,,,,,,,,,,,,,,,,,,,,,,,,万水泉站,,,,,,,,,,,,,,,,,,,,,,,,,赵家水站,,,,,,,,,,,,,,,,,,,,,,,,,,,,,,,,,,,,田心,,,,,,,,,,,,,,商镇站,,,,麦浪站,,,,,,,,,,,攀枝花站,,,,,,,,,,,,,,,,,,,,,,,,,,,,,,,,,,,,,,,,,,,,,,,,,,,,,,,,,,十里铺站,,,,,,,,,,,,,,,,,,,,,,
,,,,,,,,,,,,,,,,,,,,,,,,,,,,,,,,,,,,,,,,,,,,包头站,,,,,,,,,,,,,,,,,,,,,,,,,狼抱水站,,,,,,,,,,,,,,,,,,,,,,,,,,,,,,,,,,,,十里冲,,,,,,,,,,,,,,孝义乡站,,,,塘子站,,,,,,,,,,,迤资站,,,,,,,,,,,,,,,,,,,,,,,,,,,,,,,,,,,,,,,,,,,,,,,,,,,,,,,,,,英豪站,,,,,,,,,,,,,,,,,,,,,,
,,,,,,,,,,,,,,,,,,,,,,,,,,,,,,,,,,,,,,,,,,,,@@,,,,,,,,,,,,,,,,,,,,,,,,,红岘台站,,,,,,,,,,,,,,,,,,,,,,,,,,,,,,,,,,,,湘潭东,,,,,,,,,,,,,,白杨店站,,,,崔家庄站,,,,,,,,,,,拉_站,,,,,,,,,,,,,,,,,,,,,,,,,,,,,,,,,,,,,,,,,,,,,,,,,,,,,,,,,,观音堂站,,,,,,,,,,,,,,,,,,,,,,
,,,,,,,,,,,,,,,,,,,,,,,,,,,,,,,,,,,,,,,,,,,,青龙桥西站,,,,,,,,,,,,,,,,,,,,,,,,,吴家窑站,,,,,,,,,,,,,,,,,,,,,,,,,,,,,,,,,,,,湘潭,,,,,,,,,,,,,,商洛站,,,,四营站,,,,,,,,,,,花棚子站,,,,,,,,,,,,,,,,,,,,,,,,,,,,,,,,,,,,,,,,,,,,,,,,,,,,,,,,,,杨连弟站,,,,,,,,,,,,,,,,,,,,,,
,,,,,,,,,,,,,,,,,,,,,,,,,,,,,,,,,,,,,,,,,,,,八达岭站,,,,,,,,,,,,,,,,,,,,,,,,,窦家沟站,,,,,,,,,,,,,,,,,,,,,,,,,,,,,,,,,,,,姜_,,,,,,,,,,,,,,商洛北站,,,,杨林站,,,,,,,,,,,新江站,,,,,,,,,,,,,,,,,,,,,,,,,,,,,,,,,,,,,,,,,,,,,,,,,,,,,,,,,,硖石驿站,,,,,,,,,,,,,,,,,,,,,,
,,,,,,,,,,,,,,,,,,,,,,,,,,,,,,,,,,,,,,,,,,,,@@,,,,,,,,,,,,,,,,,,,,,,,,,红砂岘站,,,,,,,,,,,,,,,,,,,,,,,,,,,,,,,,,,,,云湖桥,,,,,,,,,,,,,,两岔河站,,,,火烧坝站,,,,,,,,,,,师庄站,,,,,,,,,,,,,,,,,,,,,,,,,,,,,,,,,,,,,,,,,,,,,,,,,,,,,,,,,,庙沟站,,,,,,,,,,,,,,,,,,,,,,
,,,,,,,,,,,,,,,,,,,,,,,,,,,,,,,,,,,,,,,,,,,,张家口南站,,,,,,,,,,,,,,,,,,,,,,,,,白银西站,,,,,,,,,,,,,,,,,,,,,,,,,,,,,,,,,,,,向韶,,,,,,,,,,,,,,砚川站,,,,小哨站,,,,,,,,,,,大湾子站,,,,,,,,,,,,,,,,,,,,,,,,,,,,,,,,,,,,,,,,,,,,,,,,,,,,,,,,,,张茅站,,,,,,,,,,,,,,,,,,,,,,
,,,,,,,,,,,,,,,,,,,,,,,,,,,,,,,,,,,,,,,,,,,,张家口站,,,,,,,,,,,,,,,,,,,,,,,,,朱家窑站,,,,,,,,,,,,,,,,,,,,,,,,,,,,,,,,,,,,湘乡,,,,,,,,,,,,,,灞源站,,,,浑水塘站,,,,,,,,,,,红江站,,,,,,,,,,,,,,,,,,,,,,,,,,,,,,,,,,,,,,,,,,,,,,,,,,,,,,,,,,张家湾站,,,,,,,,,,,,,,,,,,,,,,
,,,,,,,,,,,,,,,,,,,,,,,,,,,,,,,,,,,,,,,,,,,,@@,,,,,,,,,,,,,,,,,,,,,,,,,丰水村站,,,,,,,,,,,,,,,,,,,,,,,,,,,,,,,,,,,,双江,,,,,,,,,,,,,,蔡家河站,,,,秧田冲站,,,,,,,,,,,黄瓜园站,,,,,,,,,,,,,,,,,,,,,,,,,,,,,,,,,,,,,,,,,,,,,,,,,,,,,,,,,,三门峡西站,,,,,,,,,,,,,,,,,,,,,,
,,,,,,,,,,,,,,,,,,,,,,,,,,,,,,,,,,,,,,,,,,,,三堡站,,,,,,,,,,,,,,,,,,,,,,,,,土龙川站,,,,,,,,,,,,,,,,,,,,,,,,,,,,,,,,,,,,普安堂,,,,,,,,,,,,,,涧峪站,,,,金马村站,,,,,,,,,,,元谋站,,,,,,,,,,,,,,,,,,,,,,,,,,,,,,,,,,,,,,,,,,,,,,,,,,,,,,,,,,五原村站,,,,,,,,,,,,,,,,,,,,,,
,,,,,,,,,,,,,,,,,,,,,,,,,,,,,,,,,,,,,,,,,,,,青龙桥站,,,,,,,,,,,,,,,,,,,,,,,,,皋兰站,,,,,,,,,,,,,,,,,,,,,,,,,,,,,,,,,,,,棋梓桥,,,,,,,,,,,,,,桥南镇站,,,,昆明东站,,,,,,,,,,,尹地站,,,,,,,,,,,,,,,,,,,,,,,,,,,,,,,,,,,,,,,,,,,,,,,,,,,,,,,,,,三门峡站,,,,,,,,,,,,,,,,,,,,,,
,,,,,,,,,,,,,,,,,,,,,,,,,,,,,,,,,,,,,,,,,,,,,,,,,,,,,,,,,,,,,,,,,,,,,红圈沟站,,,,,,,,,,,,,,,,,,,,,,,,,,,,,,,,,,,,胜昔桥,,,,,,,,,,,,,,花园乡站,,,,昆明站,,,,,,,,,,,小月旧站,,,,,,,,,,,,,,,,,,,,,,,,,,,,,,,,,,,,,,,,,,,,,,,,,,,,,,,,,,贺家庄站,,,,,,,,,,,,,,,,,,,,,,
,,,,,,,,,,,,,,,,,,,,,,,,,,,,,,,,,,,,,,,,,,,,,,,,,,,,,,,,,,,,,,,,,,,,,前长川站,,,,,,,,,,,,,,,,,,,,,,,,,,,,,,,,,,,,娄底东,,,,,,,,,,,,,,渭南南站,,,,,,,,,,,,,,,羊臼河站,,,,,,,,,,,,,,,,,,,,,,,,,,,,,,,,,,,,,,,,,,,,,,,,,,,,,,,,,,川口站,,,,,,,,,,,,,,,,,,,,,,
,,,,,,,,,,,,,,,,,,,,,,,,,,,,,,,,,,,,,,,,,,,,,,,,,,,,,,,,,,,,,,,,,,,,,邵家堂站,,,,,,,,,,,,,,,,,,,,,,,,,,,,,,,,,,,,娄底,,,,,,,,,,,,,,渭南西站,,,,,,,,,,,,,,,小村站,,,,,,,,,,,,,,,,,,,,,,,,,,,,,,,,,,,,,,,,,,,,,,,,,,,,,,,,,,灵宝站,,,,,,,,,,,,,,,,,,,,,,
,,,,,,,,,,,,,,,,,,,,,,,,,,,,,,,,,,,,,,,,,,,,,,,,,,,,,,,,,,,,,,,,,,,,,水源站,,,,,,,,,,,,,,,,,,,,,,,,,,,,,,,,,,,,百亩井,,,,,,,,,,,,,,三线站,,,,,,,,,,,,,,,阿南庄站,,,,,,,,,,,,,,,,,,,,,,,,,,,,,,,,,,,,,,,,,,,,,,,,,,,,,,,,,,焦村站,,,,,,,,,,,,,,,,,,,,,,
,,,,,,,,,,,,,,,,,,,,,,,,,,,,,,,,,,,,,,,,,,,,,,,,,,,,,,,,,,,,,,,,,,,,,兰州东站,,,,,,,,,,,,,,,,,,,,,,,,,,,,,,,,,,,,杨市,,,,,,,,,,,,,,零口站,,,,,,,,,,,,,,,龙骨甸站,,,,,,,,,,,,,,,,,,,,,,,,,,,,,,,,,,,,,,,,,,,,,,,,,,,,,,,,,,秦村站,,,,,,,,,,,,,,,,,,,,,,
,,,,,,,,,,,,,,,,,,,,,,,,,,,,,,,,,,,,,,,,,,,,,,,,,,,,,,,,,,,,,,,,,,,,,兰州站,,,,,,,,,,,,,,,,,,,,,,,,,,,,,,,,,,,,涟源,,,,,,,,,,,,,,新丰镇站,,,,,,,,,,,,,,,黑井站,,,,,,,,,,,,,,,,,,,,,,,,,,,,,,,,,,,,,,,,,,,,,,,,,,,,,,,,,,阌乡站,,,,,,,,,,,,,,,,,,,,,,
,,,,,,,,,,,,,,,,,,,,,,,,,,,,,,,,,,,,,,,,,,,,,,,,,,,,,,,,,,,,,,,,,,,,,,,,,,,,,,,,,,,,,,,,,,,,,,,,,,,,,,,,,荷叶,,,,,,,,,,,,,,临潼站,,,,,,,,,,,,,,,甸心站,,,,,,,,,,,,,,,,,,,,,,,,,,,,,,,,,,,,,,,,,,,,,,,,,,,,,,,,,,高柏站,,,,,,,,,,,,,,,,,,,,,,
,,,,,,,,,,,,,,,,,,,,,,,,,,,,,,,,,,,,,,,,,,,,,,,,,,,,,,,,,,,,,,,,,,,,,,,,,,,,,,,,,,,,,,,,,,,,,,,,,,,,,,,,,石泉,,,,,,,,,,,,,,窑村站,,,,,,,,,,,,,,,龙塘坝站,,,,,,,,,,,,,,,,,,,,,,,,,,,,,,,,,,,,,,,,,,,,,,,,,,,,,,,,,,故县站,,,,,,,,,,,,,,,,,,,,,,
,,,,,,,,,,,,,,,,,,,,,,,,,,,,,,,,,,,,,,,,,,,,,,,,,,,,,,,,,,,,,,,,,,,,,,,,,,,,,,,,,,,,,,,,,,,,,,,,,,,,,,,,,金竹山,,,,,,,,,,,,,,灞桥站,,,,,,,,,,,,,,,甸尾站,,,,,,,,,,,,,,,,,,,,,,,,,,,,,,,,,,,,,,,,,,,,,,,,,,,,,,,,,,李村站,,,,,,,,,,,,,,,,,,,,,,
,,,,,,,,,,,,,,,,,,,,,,,,,,,,,,,,,,,,,,,,,,,,,,,,,,,,,,,,,,,,,,,,,,,,,,,,,,,,,,,,,,,,,,,,,,,,,,,,,,,,,,,,,冷水江东,,,,,,,,,,,,,,西安东站,,,,,,,,,,,,,,,广通站,,,,,,,,,,,,,,,,,,,,,,,,,,,,,,,,,,,,,,,,,,,,,,,,,,,,,,,,,,薛家营站,,,,,,,,,,,,,,,,,,,,,,
,,,,,,,,,,,,,,,,,,,,,,,,,,,,,,,,,,,,,,,,,,,,,,,,,,,,,,,,,,,,,,,,,,,,,,,,,,,,,,,,,,,,,,,,,,,,,,,,,,,,,,,,,冷水江西,,,,,,,,,,,,,,西安站,,,,,,,,,,,,,,,大旧庄站,,,,,,,,,,,,,,,,,,,,,,,,,,,,,,,,,,,,,,,,,,,,,,,,,,,,,,,,,,豫灵站,,,,,,,,,,,,,,,,,,,,,,
,,,,,,,,,,,,,,,,,,,,,,,,,,,,,,,,,,,,,,,,,,,,,,,,,,,,,,,,,,,,,,,,,,,,,,,,,,,,,,,,,,,,,,,,,,,,,,,,,,,,,,,,,新化,,,,,,,,,,,,,,,,,,,,,,,,,,,,,塔石嘴站,,,,,,,,,,,,,,,,,,,,,,,,,,,,,,,,,,,,,,,,,,,,,,,,,,,,,,,,,,太要站,,,,,,,,,,,,,,,,,,,,,,
,,,,,,,,,,,,,,,,,,,,,,,,,,,,,,,,,,,,,,,,,,,,,,,,,,,,,,,,,,,,,,,,,,,,,,,,,,,,,,,,,,,,,,,,,,,,,,,,,,,,,,,,,金滩,,,,,,,,,,,,,,,,,,,,,,,,,,,,,一平浪站,,,,,,,,,,,,,,,,,,,,,,,,,,,,,,,,,,,,,,,,,,,,,,,,,,,,,,,,,,潼关站,,,,,,,,,,,,,,,,,,,,,,
,,,,,,,,,,,,,,,,,,,,,,,,,,,,,,,,,,,,,,,,,,,,,,,,,,,,,,,,,,,,,,,,,,,,,,,,,,,,,,,,,,,,,,,,,,,,,,,,,,,,,,,,,西河,,,,,,,,,,,,,,,,,,,,,,,,,,,,,渔坝村站,,,,,,,,,,,,,,,,,,,,,,,,,,,,,,,,,,,,,,,,,,,,,,,,,,,,,,,,,,东谢家站,,,,,,,,,,,,,,,,,,,,,,
,,,,,,,,,,,,,,,,,,,,,,,,,,,,,,,,,,,,,,,,,,,,,,,,,,,,,,,,,,,,,,,,,,,,,,,,,,,,,,,,,,,,,,,,,,,,,,,,,,,,,,,,,横阳山,,,,,,,,,,,,,,,,,,,,,,,,,,,,,密马龙站,,,,,,,,,,,,,,,,,,,,,,,,,,,,,,,,,,,,,,,,,,,,,,,,,,,,,,,,,,华山站,,,,,,,,,,,,,,,,,,,,,,
,,,,,,,,,,,,,,,,,,,,,,,,,,,,,,,,,,,,,,,,,,,,,,,,,,,,,,,,,,,,,,,,,,,,,,,,,,,,,,,,,,,,,,,,,,,,,,,,,,,,,,,,,团结山,,,,,,,,,,,,,,,,,,,,,,,,,,,,,禄丰站,,,,,,,,,,,,,,,,,,,,,,,,,,,,,,,,,,,,,,,,,,,,,,,,,,,,,,,,,,罗敷站,,,,,,,,,,,,,,,,,,,,,,
,,,,,,,,,,,,,,,,,,,,,,,,,,,,,,,,,,,,,,,,,,,,,,,,,,,,,,,,,,,,,,,,,,,,,,,,,,,,,,,,,,,,,,,,,,,,,,,,,,,,,,,,,安化,,,,,,,,,,,,,,,,,,,,,,,,,,,,,棠海站,,,,,,,,,,,,,,,,,,,,,,,,,,,,,,,,,,,,,,,,,,,,,,,,,,,,,,,,,,柳枝站,,,,,,,,,,,,,,,,,,,,,,
,,,,,,,,,,,,,,,,,,,,,,,,,,,,,,,,,,,,,,,,,,,,,,,,,,,,,,,,,,,,,,,,,,,,,,,,,,,,,,,,,,,,,,,,,,,,,,,,,,,,,,,,,渠江,,,,,,,,,,,,,,,,,,,,,,,,,,,,,小路溪站,,,,,,,,,,,,,,,,,,,,,,,,,,,,,,,,,,,,,,,,,,,,,,,,,,,,,,,,,,莲花寺站,,,,,,,,,,,,,,,,,,,,,,
,,,,,,,,,,,,,,,,,,,,,,,,,,,,,,,,,,,,,,,,,,,,,,,,,,,,,,,,,,,,,,,,,,,,,,,,,,,,,,,,,,,,,,,,,,,,,,,,,,,,,,,,,烟溪,,,,,,,,,,,,,,,,,,,,,,,,,,,,,大德站,,,,,,,,,,,,,,,,,,,,,,,,,,,,,,,,,,,,,,,,,,,,,,,,,,,,,,,,,,华县站,,,,,,,,,,,,,,,,,,,,,,
,,,,,,,,,,,,,,,,,,,,,,,,,,,,,,,,,,,,,,,,,,,,,,,,,,,,,,,,,,,,,,,,,,,,,,,,,,,,,,,,,,,,,,,,,,,,,,,,,,,,,,,,,新胜利,,,,,,,,,,,,,,,,,,,,,,,,,,,,,高楼房站,,,,,,,,,,,,,,,,,,,,,,,,,,,,,,,,,,,,,,,,,,,,,,,,,,,,,,,,,,赤水站,,,,,,,,,,,,,,,,,,,,,,
,,,,,,,,,,,,,,,,,,,,,,,,,,,,,,,,,,,,,,,,,,,,,,,,,,,,,,,,,,,,,,,,,,,,,,,,,,,,,,,,,,,,,,,,,,,,,,,,,,,,,,,,,低庄,,,,,,,,,,,,,,,,,,,,,,,,,,,,,勤丰营站,,,,,,,,,,,,,,,,,,,,,,,,,,,,,,,,,,,,,,,,,,,,,,,,,,,,,,,,,,树园站,,,,,,,,,,,,,,,,,,,,,,
,,,,,,,,,,,,,,,,,,,,,,,,,,,,,,,,,,,,,,,,,,,,,,,,,,,,,,,,,,,,,,,,,,,,,,,,,,,,,,,,,,,,,,,,,,,,,,,,,,,,,,,,,川水,,,,,,,,,,,,,,,,,,,,,,,,,,,,,泽润里站,,,,,,,,,,,,,,,,,,,,,,,,,,,,,,,,,,,,,,,,,,,,,,,,,,,,,,,,,,渭南站,,,,,,,,,,,,,,,,,,,,,,
,,,,,,,,,,,,,,,,,,,,,,,,,,,,,,,,,,,,,,,,,,,,,,,,,,,,,,,,,,,,,,,,,,,,,,,,,,,,,,,,,,,,,,,,,,,,,,,,,,,,,,,,,溆浦,,,,,,,,,,,,,,,,,,,,,,,,,,,,,青龙寺站,,,,,,,,,,,,,,,,,,,,,,,,,,,,,,,,,,,,,,,,,,,,,,,,,,,,,,,,,,零口站,,,,,,,,,,,,,,,,,,,,,,
,,,,,,,,,,,,,,,,,,,,,,,,,,,,,,,,,,,,,,,,,,,,,,,,,,,,,,,,,,,,,,,,,,,,,,,,,,,,,,,,,,,,,,,,,,,,,,,,,,,,,,,,,思蒙,,,,,,,,,,,,,,,,,,,,,,,,,,,,,牧羊村站,,,,,,,,,,,,,,,,,,,,,,,,,,,,,,,,,,,,,,,,,,,,,,,,,,,,,,,,,,新丰镇站,,,,,,,,,,,,,,,,,,,,,,
,,,,,,,,,,,,,,,,,,,,,,,,,,,,,,,,,,,,,,,,,,,,,,,,,,,,,,,,,,,,,,,,,,,,,,,,,,,,,,,,,,,,,,,,,,,,,,,,,,,,,,,,,大江口,,,,,,,,,,,,,,,,,,,,,,,,,,,,,温泉站,,,,,,,,,,,,,,,,,,,,,,,,,,,,,,,,,,,,,,,,,,,,,,,,,,,,,,,,,,临潼站,,,,,,,,,,,,,,,,,,,,,,
,,,,,,,,,,,,,,,,,,,,,,,,,,,,,,,,,,,,,,,,,,,,,,,,,,,,,,,,,,,,,,,,,,,,,,,,,,,,,,,,,,,,,,,,,,,,,,,,,,,,,,,,,辰溪,,,,,,,,,,,,,,,,,,,,,,,,,,,,,读书铺站,,,,,,,,,,,,,,,,,,,,,,,,,,,,,,,,,,,,,,,,,,,,,,,,,,,,,,,,,,惠家村站,,,,,,,,,,,,,,,,,,,,,,
,,,,,,,,,,,,,,,,,,,,,,,,,,,,,,,,,,,,,,,,,,,,,,,,,,,,,,,,,,,,,,,,,,,,,,,,,,,,,,,,,,,,,,,,,,,,,,,,,,,,,,,,,小龙门,,,,,,,,,,,,,,,,,,,,,,,,,,,,,碧鸡关站,,,,,,,,,,,,,,,,,,,,,,,,,,,,,,,,,,,,,,,,,,,,,,,,,,,,,,,,,,窑村站,,,,,,,,,,,,,,,,,,,,,,
,,,,,,,,,,,,,,,,,,,,,,,,,,,,,,,,,,,,,,,,,,,,,,,,,,,,,,,,,,,,,,,,,,,,,,,,,,,,,,,,,,,,,,,,,,,,,,,,,,,,,,,,,花桥镇,,,,,,,,,,,,,,,,,,,,,,,,,,,,,昆明西站,,,,,,,,,,,,,,,,,,,,,,,,,,,,,,,,,,,,,,,,,,,,,,,,,,,,,,,,,,灞桥站,,,,,,,,,,,,,,,,,,,,,,
,,,,,,,,,,,,,,,,,,,,,,,,,,,,,,,,,,,,,,,,,,,,,,,,,,,,,,,,,,,,,,,,,,,,,,,,,,,,,,,,,,,,,,,,,,,,,,,,,,,,,,,,,泸阳,,,,,,,,,,,,,,,,,,,,,,,,,,,,,昆明站,,,,,,,,,,,,,,,,,,,,,,,,,,,,,,,,,,,,,,,,,,,,,,,,,,,,,,,,,,西安东站,,,,,,,,,,,,,,,,,,,,,,
,,,,,,,,,,,,,,,,,,,,,,,,,,,,,,,,,,,,,,,,,,,,,,,,,,,,,,,,,,,,,,,,,,,,,,,,,,,,,,,,,,,,,,,,,,,,,,,,,,,,,,,,,怀化东,,,,,,,,,,,,,,,,,,,,,,,,,,,,,,,,,,,,,,,,,,,,,,,,,,,,,,,,,,,,,,,,,,,,,,,,,,,,,,,,,,,,,,,西安站,,,,,,,,,,,,,,,,,,,,,,
,,,,,,,,,,,,,,,,,,,,,,,,,,,,,,,,,,,,,,,,,,,,,,,,,,,,,,,,,,,,,,,,,,,,,,,,,,,,,,,,,,,,,,,,,,,,,,,,,,,,,,,,,怀化,,,,,,,,,,,,,,,,,,,,,,,,,,,,,,,,,,,,,,,,,,,,,,,,,,,,,,,,,,,,,,,,,,,,,,,,,,,,,,,,,,,,,,,西安西站,,,,,,,,,,,,,,,,,,,,,,
,,,,,,,,,,,,,,,,,,,,,,,,,,,,,,,,,,,,,,,,,,,,,,,,,,,,,,,,,,,,,,,,,,,,,,,,,,,,,,,,,,,,,,,,,,,,,,,,,,,,,,,,,公坪,,,,,,,,,,,,,,,,,,,,,,,,,,,,,,,,,,,,,,,,,,,,,,,,,,,,,,,,,,,,,,,,,,,,,,,,,,,,,,,,,,,,,,,黄家寨站,,,,,,,,,,,,,,,,,,,,,,
,,,,,,,,,,,,,,,,,,,,,,,,,,,,,,,,,,,,,,,,,,,,,,,,,,,,,,,,,,,,,,,,,,,,,,,,,,,,,,,,,,,,,,,,,,,,,,,,,,,,,,,,,芷江西,,,,,,,,,,,,,,,,,,,,,,,,,,,,,,,,,,,,,,,,,,,,,,,,,,,,,,,,,,,,,,,,,,,,,,,,,,,,,,,,,,,,,,,咸阳站,,,,,,,,,,,,,,,,,,,,,,
,,,,,,,,,,,,,,,,,,,,,,,,,,,,,,,,,,,,,,,,,,,,,,,,,,,,,,,,,,,,,,,,,,,,,,,,,,,,,,,,,,,,,,,,,,,,,,,,,,,,,,,,,冷水铺,,,,,,,,,,,,,,,,,,,,,,,,,,,,,,,,,,,,,,,,,,,,,,,,,,,,,,,,,,,,,,,,,,,,,,,,,,,,,,,,,,,,,,,咸阳西站,,,,,,,,,,,,,,,,,,,,,,
,,,,,,,,,,,,,,,,,,,,,,,,,,,,,,,,,,,,,,,,,,,,,,,,,,,,,,,,,,,,,,,,,,,,,,,,,,,,,,,,,,,,,,,,,,,,,,,,,,,,,,,,,波洲,,,,,,,,,,,,,,,,,,,,,,,,,,,,,,,,,,,,,,,,,,,,,,,,,,,,,,,,,,,,,,,,,,,,,,,,,,,,,,,,,,,,,,,茂陵站,,,,,,,,,,,,,,,,,,,,,,
,,,,,,,,,,,,,,,,,,,,,,,,,,,,,,,,,,,,,,,,,,,,,,,,,,,,,,,,,,,,,,,,,,,,,,,,,,,,,,,,,,,,,,,,,,,,,,,,,,,,,,,,,新晃,,,,,,,,,,,,,,,,,,,,,,,,,,,,,,,,,,,,,,,,,,,,,,,,,,,,,,,,,,,,,,,,,,,,,,,,,,,,,,,,,,,,,,,兴平站,,,,,,,,,,,,,,,,,,,,,,
,,,,,,,,,,,,,,,,,,,,,,,,,,,,,,,,,,,,,,,,,,,,,,,,,,,,,,,,,,,,,,,,,,,,,,,,,,,,,,,,,,,,,,,,,,,,,,,,,,,,,,,,,大龙,,,,,,,,,,,,,,,,,,,,,,,,,,,,,,,,,,,,,,,,,,,,,,,,,,,,,,,,,,,,,,,,,,,,,,,,,,,,,,,,,,,,,,,马嵬坡站,,,,,,,,,,,,,,,,,,,,,,
,,,,,,,,,,,,,,,,,,,,,,,,,,,,,,,,,,,,,,,,,,,,,,,,,,,,,,,,,,,,,,,,,,,,,,,,,,,,,,,,,,,,,,,,,,,,,,,,,,,,,,,,,玉屏,,,,,,,,,,,,,,,,,,,,,,,,,,,,,,,,,,,,,,,,,,,,,,,,,,,,,,,,,,,,,,,,,,,,,,,,,,,,,,,,,,,,,,,罗古村站,,,,,,,,,,,,,,,,,,,,,,
,,,,,,,,,,,,,,,,,,,,,,,,,,,,,,,,,,,,,,,,,,,,,,,,,,,,,,,,,,,,,,,,,,,,,,,,,,,,,,,,,,,,,,,,,,,,,,,,,,,,,,,,,镇远,,,,,,,,,,,,,,,,,,,,,,,,,,,,,,,,,,,,,,,,,,,,,,,,,,,,,,,,,,,,,,,,,,,,,,,,,,,,,,,,,,,,,,,武功站,,,,,,,,,,,,,,,,,,,,,,
,,,,,,,,,,,,,,,,,,,,,,,,,,,,,,,,,,,,,,,,,,,,,,,,,,,,,,,,,,,,,,,,,,,,,,,,,,,,,,,,,,,,,,,,,,,,,,,,,,,,,,,,,凯里,,,,,,,,,,,,,,,,,,,,,,,,,,,,,,,,,,,,,,,,,,,,,,,,,,,,,,,,,,,,,,,,,,,,,,,,,,,,,,,,,,,,,,,杨陵站,,,,,,,,,,,,,,,,,,,,,,
,,,,,,,,,,,,,,,,,,,,,,,,,,,,,,,,,,,,,,,,,,,,,,,,,,,,,,,,,,,,,,,,,,,,,,,,,,,,,,,,,,,,,,,,,,,,,,,,,,,,,,,,,贵定,,,,,,,,,,,,,,,,,,,,,,,,,,,,,,,,,,,,,,,,,,,,,,,,,,,,,,,,,,,,,,,,,,,,,,,,,,,,,,,,,,,,,,,绛帐站,,,,,,,,,,,,,,,,,,,,,,
,,,,,,,,,,,,,,,,,,,,,,,,,,,,,,,,,,,,,,,,,,,,,,,,,,,,,,,,,,,,,,,,,,,,,,,,,,,,,,,,,,,,,,,,,,,,,,,,,,,,,,,,,高坪铺,,,,,,,,,,,,,,,,,,,,,,,,,,,,,,,,,,,,,,,,,,,,,,,,,,,,,,,,,,,,,,,,,,,,,,,,,,,,,,,,,,,,,,,常兴站,,,,,,,,,,,,,,,,,,,,,,
,,,,,,,,,,,,,,,,,,,,,,,,,,,,,,,,,,,,,,,,,,,,,,,,,,,,,,,,,,,,,,,,,,,,,,,,,,,,,,,,,,,,,,,,,,,,,,,,,,,,,,,,,麻芝铺,,,,,,,,,,,,,,,,,,,,,,,,,,,,,,,,,,,,,,,,,,,,,,,,,,,,,,,,,,,,,,,,,,,,,,,,,,,,,,,,,,,,,,,眉县站,,,,,,,,,,,,,,,,,,,,,,
,,,,,,,,,,,,,,,,,,,,,,,,,,,,,,,,,,,,,,,,,,,,,,,,,,,,,,,,,,,,,,,,,,,,,,,,,,,,,,,,,,,,,,,,,,,,,,,,,,,,,,,,,龙里,,,,,,,,,,,,,,,,,,,,,,,,,,,,,,,,,,,,,,,,,,,,,,,,,,,,,,,,,,,,,,,,,,,,,,,,,,,,,,,,,,,,,,,蔡家坡站,,,,,,,,,,,,,,,,,,,,,,
,,,,,,,,,,,,,,,,,,,,,,,,,,,,,,,,,,,,,,,,,,,,,,,,,,,,,,,,,,,,,,,,,,,,,,,,,,,,,,,,,,,,,,,,,,,,,,,,,,,,,,,,,老罗堡,,,,,,,,,,,,,,,,,,,,,,,,,,,,,,,,,,,,,,,,,,,,,,,,,,,,,,,,,,,,,,,,,,,,,,,,,,,,,,,,,,,,,,,阳平站,,,,,,,,,,,,,,,,,,,,,,
,,,,,,,,,,,,,,,,,,,,,,,,,,,,,,,,,,,,,,,,,,,,,,,,,,,,,,,,,,,,,,,,,,,,,,,,,,,,,,,,,,,,,,,,,,,,,,,,,,,,,,,,,贵阳,,,,,,,,,,,,,,,,,,,,,,,,,,,,,,,,,,,,,,,,,,,,,,,,,,,,,,,,,,,,,,,,,,,,,,,,,,,,,,,,,,,,,,,虢镇站,,,,,,,,,,,,,,,,,,,,,,
,,,,,,,,,,,,,,,,,,,,,,,,,,,,,,,,,,,,,,,,,,,,,,,,,,,,,,,,,,,,,,,,,,,,,,,,,,,,,,,,,,,,,,,,,,,,,,,,,,,,,,,,,贵阳西,,,,,,,,,,,,,,,,,,,,,,,,,,,,,,,,,,,,,,,,,,,,,,,,,,,,,,,,,,,,,,,,,,,,,,,,,,,,,,,,,,,,,,,卧龙寺站,,,,,,,,,,,,,,,,,,,,,,
,,,,,,,,,,,,,,,,,,,,,,,,,,,,,,,,,,,,,,,,,,,,,,,,,,,,,,,,,,,,,,,,,,,,,,,,,,,,,,,,,,,,,,,,,,,,,,,,,,,,,,,,,花坡,,,,,,,,,,,,,,,,,,,,,,,,,,,,,,,,,,,,,,,,,,,,,,,,,,,,,,,,,,,,,,,,,,,,,,,,,,,,,,,,,,,,,,,宝鸡东站,,,,,,,,,,,,,,,,,,,,,,
,,,,,,,,,,,,,,,,,,,,,,,,,,,,,,,,,,,,,,,,,,,,,,,,,,,,,,,,,,,,,,,,,,,,,,,,,,,,,,,,,,,,,,,,,,,,,,,,,,,,,,,,,石板哨,,,,,,,,,,,,,,,,,,,,,,,,,,,,,,,,,,,,,,,,,,,,,,,,,,,,,,,,,,,,,,,,,,,,,,,,,,,,,,,,,,,,,,,宝鸡站,,,,,,,,,,,,,,,,,,,,,,
,,,,,,,,,,,,,,,,,,,,,,,,,,,,,,,,,,,,,,,,,,,,,,,,,,,,,,,,,,,,,,,,,,,,,,,,,,,,,,,,,,,,,,,,,,,,,,,,,,,,,,,,,湖潮,,,,,,,,,,,,,,,,,,,,,,,,,,,,,,,,,,,,,,,,,,,,,,,,,,,,,,,,,,,,,,,,,,,,,,,,,,,,,,,,,,,,,,,福临堡站,,,,,,,,,,,,,,,,,,,,,,
,,,,,,,,,,,,,,,,,,,,,,,,,,,,,,,,,,,,,,,,,,,,,,,,,,,,,,,,,,,,,,,,,,,,,,,,,,,,,,,,,,,,,,,,,,,,,,,,,,,,,,,,,马场,,,,,,,,,,,,,,,,,,,,,,,,,,,,,,,,,,,,,,,,,,,,,,,,,,,,,,,,,,,,,,,,,,,,,,,,,,,,,,,,,,,,,,,林家村站,,,,,,,,,,,,,,,,,,,,,,
,,,,,,,,,,,,,,,,,,,,,,,,,,,,,,,,,,,,,,,,,,,,,,,,,,,,,,,,,,,,,,,,,,,,,,,,,,,,,,,,,,,,,,,,,,,,,,,,,,,,,,,,,高峰,,,,,,,,,,,,,,,,,,,,,,,,,,,,,,,,,,,,,,,,,,,,,,,,,,,,,,,,,,,,,,,,,,,,,,,,,,,,,,,,,,,,,,,坊塘铺站,,,,,,,,,,,,,,,,,,,,,,
,,,,,,,,,,,,,,,,,,,,,,,,,,,,,,,,,,,,,,,,,,,,,,,,,,,,,,,,,,,,,,,,,,,,,,,,,,,,,,,,,,,,,,,,,,,,,,,,,,,,,,,,,平坝,,,,,,,,,,,,,,,,,,,,,,,,,,,,,,,,,,,,,,,,,,,,,,,,,,,,,,,,,,,,,,,,,,,,,,,,,,,,,,,,,,,,,,,固川站,,,,,,,,,,,,,,,,,,,,,,
,,,,,,,,,,,,,,,,,,,,,,,,,,,,,,,,,,,,,,,,,,,,,,,,,,,,,,,,,,,,,,,,,,,,,,,,,,,,,,,,,,,,,,,,,,,,,,,,,,,,,,,,,新平坝,,,,,,,,,,,,,,,,,,,,,,,,,,,,,,,,,,,,,,,,,,,,,,,,,,,,,,,,,,,,,,,,,,,,,,,,,,,,,,,,,,,,,,,颜家河站,,,,,,,,,,,,,,,,,,,,,,
,,,,,,,,,,,,,,,,,,,,,,,,,,,,,,,,,,,,,,,,,,,,,,,,,,,,,,,,,,,,,,,,,,,,,,,,,,,,,,,,,,,,,,,,,,,,,,,,,,,,,,,,,天龙,,,,,,,,,,,,,,,,,,,,,,,,,,,,,,,,,,,,,,,,,,,,,,,,,,,,,,,,,,,,,,,,,,,,,,,,,,,,,,,,,,,,,,,东口站,,,,,,,,,,,,,,,,,,,,,,
,,,,,,,,,,,,,,,,,,,,,,,,,,,,,,,,,,,,,,,,,,,,,,,,,,,,,,,,,,,,,,,,,,,,,,,,,,,,,,,,,,,,,,,,,,,,,,,,,,,,,,,,,两所屯,,,,,,,,,,,,,,,,,,,,,,,,,,,,,,,,,,,,,,,,,,,,,,,,,,,,,,,,,,,,,,,,,,,,,,,,,,,,,,,,,,,,,,,胡店站,,,,,,,,,,,,,,,,,,,,,,
,,,,,,,,,,,,,,,,,,,,,,,,,,,,,,,,,,,,,,,,,,,,,,,,,,,,,,,,,,,,,,,,,,,,,,,,,,,,,,,,,,,,,,,,,,,,,,,,,,,,,,,,,安顺,,,,,,,,,,,,,,,,,,,,,,,,,,,,,,,,,,,,,,,,,,,,,,,,,,,,,,,,,,,,,,,,,,,,,,,,,,,,,,,,,,,,,,,柿树林站,,,,,,,,,,,,,,,,,,,,,,
,,,,,,,,,,,,,,,,,,,,,,,,,,,,,,,,,,,,,,,,,,,,,,,,,,,,,,,,,,,,,,,,,,,,,,,,,,,,,,,,,,,,,,,,,,,,,,,,,,,,,,,,,幺铺,,,,,,,,,,,,,,,,,,,,,,,,,,,,,,,,,,,,,,,,,,,,,,,,,,,,,,,,,,,,,,,,,,,,,,,,,,,,,,,,,,,,,,,石家滩站,,,,,,,,,,,,,,,,,,,,,,
,,,,,,,,,,,,,,,,,,,,,,,,,,,,,,,,,,,,,,,,,,,,,,,,,,,,,,,,,,,,,,,,,,,,,,,,,,,,,,,,,,,,,,,,,,,,,,,,,,,,,,,,,黄桶,,,,,,,,,,,,,,,,,,,,,,,,,,,,,,,,,,,,,,,,,,,,,,,,,,,,,,,,,,,,,,,,,,,,,,,,,,,,,,,,,,,,,,,拓石站,,,,,,,,,,,,,,,,,,,,,,
,,,,,,,,,,,,,,,,,,,,,,,,,,,,,,,,,,,,,,,,,,,,,,,,,,,,,,,,,,,,,,,,,,,,,,,,,,,,,,,,,,,,,,,,,,,,,,,,,,,,,,,,,化处,,,,,,,,,,,,,,,,,,,,,,,,,,,,,,,,,,,,,,,,,,,,,,,,,,,,,,,,,,,,,,,,,,,,,,,,,,,,,,,,,,,,,,,凤阁岭站,,,,,,,,,,,,,,,,,,,,,,
,,,,,,,,,,,,,,,,,,,,,,,,,,,,,,,,,,,,,,,,,,,,,,,,,,,,,,,,,,,,,,,,,,,,,,,,,,,,,,,,,,,,,,,,,,,,,,,,,,,,,,,,,大用,,,,,,,,,,,,,,,,,,,,,,,,,,,,,,,,,,,,,,,,,,,,,,,,,,,,,,,,,,,,,,,,,,,,,,,,,,,,,,,,,,,,,,,毛家庄站,,,,,,,,,,,,,,,,,,,,,,
,,,,,,,,,,,,,,,,,,,,,,,,,,,,,,,,,,,,,,,,,,,,,,,,,,,,,,,,,,,,,,,,,,,,,,,,,,,,,,,,,,,,,,,,,,,,,,,,,,,,,,,,,六枝,,,,,,,,,,,,,,,,,,,,,,,,,,,,,,,,,,,,,,,,,,,,,,,,,,,,,,,,,,,,,,,,,,,,,,,,,,,,,,,,,,,,,,,建河站,,,,,,,,,,,,,,,,,,,,,,
,,,,,,,,,,,,,,,,,,,,,,,,,,,,,,,,,,,,,,,,,,,,,,,,,,,,,,,,,,,,,,,,,,,,,,,,,,,,,,,,,,,,,,,,,,,,,,,,,,,,,,,,,那玉,,,,,,,,,,,,,,,,,,,,,,,,,,,,,,,,,,,,,,,,,,,,,,,,,,,,,,,,,,,,,,,,,,,,,,,,,,,,,,,,,,,,,,,葡萄园站,,,,,,,,,,,,,,,,,,,,,,
,,,,,,,,,,,,,,,,,,,,,,,,,,,,,,,,,,,,,,,,,,,,,,,,,,,,,,,,,,,,,,,,,,,,,,,,,,,,,,,,,,,,,,,,,,,,,,,,,,,,,,,,,新窑,,,,,,,,,,,,,,,,,,,,,,,,,,,,,,,,,,,,,,,,,,,,,,,,,,,,,,,,,,,,,,,,,,,,,,,,,,,,,,,,,,,,,,,元龙站,,,,,,,,,,,,,,,,,,,,,,
,,,,,,,,,,,,,,,,,,,,,,,,,,,,,,,,,,,,,,,,,,,,,,,,,,,,,,,,,,,,,,,,,,,,,,,,,,,,,,,,,,,,,,,,,,,,,,,,,,,,,,,,,关秦,,,,,,,,,,,,,,,,,,,,,,,,,,,,,,,,,,,,,,,,,,,,,,,,,,,,,,,,,,,,,,,,,,,,,,,,,,,,,,,,,,,,,,,渭滩站,,,,,,,,,,,,,,,,,,,,,,
,,,,,,,,,,,,,,,,,,,,,,,,,,,,,,,,,,,,,,,,,,,,,,,,,,,,,,,,,,,,,,,,,,,,,,,,,,,,,,,,,,,,,,,,,,,,,,,,,,,,,,,,,二道岩,,,,,,,,,,,,,,,,,,,,,,,,,,,,,,,,,,,,,,,,,,,,,,,,,,,,,,,,,,,,,,,,,,,,,,,,,,,,,,,,,,,,,,,伯阳站,,,,,,,,,,,,,,,,,,,,,,
,,,,,,,,,,,,,,,,,,,,,,,,,,,,,,,,,,,,,,,,,,,,,,,,,,,,,,,,,,,,,,,,,,,,,,,,,,,,,,,,,,,,,,,,,,,,,,,,,,,,,,,,,茨冲,,,,,,,,,,,,,,,,,,,,,,,,,,,,,,,,,,,,,,,,,,,,,,,,,,,,,,,,,,,,,,,,,,,,,,,,,,,,,,,,,,,,,,,社棠站,,,,,,,,,,,,,,,,,,,,,,
,,,,,,,,,,,,,,,,,,,,,,,,,,,,,,,,,,,,,,,,,,,,,,,,,,,,,,,,,,,,,,,,,,,,,,,,,,,,,,,,,,,,,,,,,,,,,,,,,,,,,,,,,滥坝,,,,,,,,,,,,,,,,,,,,,,,,,,,,,,,,,,,,,,,,,,,,,,,,,,,,,,,,,,,,,,,,,,,,,,,,,,,,,,,,,,,,,,,天水站,,,,,,,,,,,,,,,,,,,,,,
,,,,,,,,,,,,,,,,,,,,,,,,,,,,,,,,,,,,,,,,,,,,,,,,,,,,,,,,,,,,,,,,,,,,,,,,,,,,,,,,,,,,,,,,,,,,,,,,,,,,,,,,,双水,,,,,,,,,,,,,,,,,,,,,,,,,,,,,,,,,,,,,,,,,,,,,,,,,,,,,,,,,,,,,,,,,,,,,,,,,,,,,,,,,,,,,,,杨家河站,,,,,,,,,,,,,,,,,,,,,,
,,,,,,,,,,,,,,,,,,,,,,,,,,,,,,,,,,,,,,,,,,,,,,,,,,,,,,,,,,,,,,,,,,,,,,,,,,,,,,,,,,,,,,,,,,,,,,,,,,,,,,,,,六盘水南,,,,,,,,,,,,,,,,,,,,,,,,,,,,,,,,,,,,,,,,,,,,,,,,,,,,,,,,,,,,,,,,,,,,,,,,,,,,,,,,,,,,,,,南河川站,,,,,,,,,,,,,,,,,,,,,,
,,,,,,,,,,,,,,,,,,,,,,,,,,,,,,,,,,,,,,,,,,,,,,,,,,,,,,,,,,,,,,,,,,,,,,,,,,,,,,,,,,,,,,,,,,,,,,,,,,,,,,,,,曹家湾,,,,,,,,,,,,,,,,,,,,,,,,,,,,,,,,,,,,,,,,,,,,,,,,,,,,,,,,,,,,,,,,,,,,,,,,,,,,,,,,,,,,,,,三阳川站,,,,,,,,,,,,,,,,,,,,,,
,,,,,,,,,,,,,,,,,,,,,,,,,,,,,,,,,,,,,,,,,,,,,,,,,,,,,,,,,,,,,,,,,,,,,,,,,,,,,,,,,,,,,,,,,,,,,,,,,,,,,,,,,马嘎,,,,,,,,,,,,,,,,,,,,,,,,,,,,,,,,,,,,,,,,,,,,,,,,,,,,,,,,,,,,,,,,,,,,,,,,,,,,,,,,,,,,,,,渭南镇站,,,,,,,,,,,,,,,,,,,,,,
,,,,,,,,,,,,,,,,,,,,,,,,,,,,,,,,,,,,,,,,,,,,,,,,,,,,,,,,,,,,,,,,,,,,,,,,,,,,,,,,,,,,,,,,,,,,,,,,,,,,,,,,,葡萄菁,,,,,,,,,,,,,,,,,,,,,,,,,,,,,,,,,,,,,,,,,,,,,,,,,,,,,,,,,,,,,,,,,,,,,,,,,,,,,,,,,,,,,,,新阳镇站,,,,,,,,,,,,,,,,,,,,,,
,,,,,,,,,,,,,,,,,,,,,,,,,,,,,,,,,,,,,,,,,,,,,,,,,,,,,,,,,,,,,,,,,,,,,,,,,,,,,,,,,,,,,,,,,,,,,,,,,,,,,,,,,梅花山,,,,,,,,,,,,,,,,,,,,,,,,,,,,,,,,,,,,,,,,,,,,,,,,,,,,,,,,,,,,,,,,,,,,,,,,,,,,,,,,,,,,,,,马家磨站,,,,,,,,,,,,,,,,,,,,,,
,,,,,,,,,,,,,,,,,,,,,,,,,,,,,,,,,,,,,,,,,,,,,,,,,,,,,,,,,,,,,,,,,,,,,,,,,,,,,,,,,,,,,,,,,,,,,,,,,,,,,,,,,扒挪块,,,,,,,,,,,,,,,,,,,,,,,,,,,,,,,,,,,,,,,,,,,,,,,,,,,,,,,,,,,,,,,,,,,,,,,,,,,,,,,,,,,,,,,渭水峪站,,,,,,,,,,,,,,,,,,,,,,
,,,,,,,,,,,,,,,,,,,,,,,,,,,,,,,,,,,,,,,,,,,,,,,,,,,,,,,,,,,,,,,,,,,,,,,,,,,,,,,,,,,,,,,,,,,,,,,,,,,,,,,,,背开柱,,,,,,,,,,,,,,,,,,,,,,,,,,,,,,,,,,,,,,,,,,,,,,,,,,,,,,,,,,,,,,,,,,,,,,,,,,,,,,,,,,,,,,,甘谷站,,,,,,,,,,,,,,,,,,,,,,
,,,,,,,,,,,,,,,,,,,,,,,,,,,,,,,,,,,,,,,,,,,,,,,,,,,,,,,,,,,,,,,,,,,,,,,,,,,,,,,,,,,,,,,,,,,,,,,,,,,,,,,,,且午,,,,,,,,,,,,,,,,,,,,,,,,,,,,,,,,,,,,,,,,,,,,,,,,,,,,,,,,,,,,,,,,,,,,,,,,,,,,,,,,,,,,,,,朱圉乡站,,,,,,,,,,,,,,,,,,,,,,
,,,,,,,,,,,,,,,,,,,,,,,,,,,,,,,,,,,,,,,,,,,,,,,,,,,,,,,,,,,,,,,,,,,,,,,,,,,,,,,,,,,,,,,,,,,,,,,,,,,,,,,,,宣威站,,,,,,,,,,,,,,,,,,,,,,,,,,,,,,,,,,,,,,,,,,,,,,,,,,,,,,,,,,,,,,,,,,,,,,,,,,,,,,,,,,,,,,,磐安站,,,,,,,,,,,,,,,,,,,,,,
,,,,,,,,,,,,,,,,,,,,,,,,,,,,,,,,,,,,,,,,,,,,,,,,,,,,,,,,,,,,,,,,,,,,,,,,,,,,,,,,,,,,,,,,,,,,,,,,,,,,,,,,,沾益站,,,,,,,,,,,,,,,,,,,,,,,,,,,,,,,,,,,,,,,,,,,,,,,,,,,,,,,,,,,,,,,,,,,,,,,,,,,,,,,,,,,,,,,洛门站,,,,,,,,,,,,,,,,,,,,,,
,,,,,,,,,,,,,,,,,,,,,,,,,,,,,,,,,,,,,,,,,,,,,,,,,,,,,,,,,,,,,,,,,,,,,,,,,,,,,,,,,,,,,,,,,,,,,,,,,,,,,,,,,曲靖站,,,,,,,,,,,,,,,,,,,,,,,,,,,,,,,,,,,,,,,,,,,,,,,,,,,,,,,,,,,,,,,,,,,,,,,,,,,,,,,,,,,,,,,武山站,,,,,,,,,,,,,,,,,,,,,,
,,,,,,,,,,,,,,,,,,,,,,,,,,,,,,,,,,,,,,,,,,,,,,,,,,,,,,,,,,,,,,,,,,,,,,,,,,,,,,,,,,,,,,,,,,,,,,,,,,,,,,,,,昆明站,,,,,,,,,,,,,,,,,,,,,,,,,,,,,,,,,,,,,,,,,,,,,,,,,,,,,,,,,,,,,,,,,,,,,,,,,,,,,,,,,,,,,,,贺家店站,,,,,,,,,,,,,,,,,,,,,,
,,,,,,,,,,,,,,,,,,,,,,,,,,,,,,,,,,,,,,,,,,,,,,,,,,,,,,,,,,,,,,,,,,,,,,,,,,,,,,,,,,,,,,,,,,,,,,,,,,,,,,,,,,,,,,,,,,,,,,,,,,,,,,,,,,,,,,,,,,,,,,,,,,,,,,,,,,,,,,,,,,,,,,,,,,,,,,,,,,,,,,,,,,,,,,,,鸳鸯镇站,,,,,,,,,,,,,,,,,,,,,,
,,,,,,,,,,,,,,,,,,,,,,,,,,,,,,,,,,,,,,,,,,,,,,,,,,,,,,,,,,,,,,,,,,,,,,,,,,,,,,,,,,,,,,,,,,,,,,,,,,,,,,,,,,,,,,,,,,,,,,,,,,,,,,,,,,,,,,,,,,,,,,,,,,,,,,,,,,,,,,,,,,,,,,,,,,,,,,,,,,,,,,,,,,,,,,,,土店子站,,,,,,,,,,,,,,,,,,,,,,
,,,,,,,,,,,,,,,,,,,,,,,,,,,,,,,,,,,,,,,,,,,,,,,,,,,,,,,,,,,,,,,,,,,,,,,,,,,,,,,,,,,,,,,,,,,,,,,,,,,,,,,,,,,,,,,,,,,,,,,,,,,,,,,,,,,,,,,,,,,,,,,,,,,,,,,,,,,,,,,,,,,,,,,,,,,,,,,,,,,,,,,,,,,,,,,,陇西站,,,,,,,,,,,,,,,,,,,,,,
,,,,,,,,,,,,,,,,,,,,,,,,,,,,,,,,,,,,,,,,,,,,,,,,,,,,,,,,,,,,,,,,,,,,,,,,,,,,,,,,,,,,,,,,,,,,,,,,,,,,,,,,,,,,,,,,,,,,,,,,,,,,,,,,,,,,,,,,,,,,,,,,,,,,,,,,,,,,,,,,,,,,,,,,,,,,,,,,,,,,,,,,,,,,,,,,陇西北站,,,,,,,,,,,,,,,,,,,,,,
,,,,,,,,,,,,,,,,,,,,,,,,,,,,,,,,,,,,,,,,,,,,,,,,,,,,,,,,,,,,,,,,,,,,,,,,,,,,,,,,,,,,,,,,,,,,,,,,,,,,,,,,,,,,,,,,,,,,,,,,,,,,,,,,,,,,,,,,,,,,,,,,,,,,,,,,,,,,,,,,,,,,,,,,,,,,,,,,,,,,,,,,,,,,,,,,云田乡站,,,,,,,,,,,,,,,,,,,,,,
,,,,,,,,,,,,,,,,,,,,,,,,,,,,,,,,,,,,,,,,,,,,,,,,,,,,,,,,,,,,,,,,,,,,,,,,,,,,,,,,,,,,,,,,,,,,,,,,,,,,,,,,,,,,,,,,,,,,,,,,,,,,,,,,,,,,,,,,,,,,,,,,,,,,,,,,,,,,,,,,,,,,,,,,,,,,,,,,,,,,,,,,,,,,,,,,大河岔站,,,,,,,,,,,,,,,,,,,,,,
,,,,,,,,,,,,,,,,,,,,,,,,,,,,,,,,,,,,,,,,,,,,,,,,,,,,,,,,,,,,,,,,,,,,,,,,,,,,,,,,,,,,,,,,,,,,,,,,,,,,,,,,,,,,,,,,,,,,,,,,,,,,,,,,,,,,,,,,,,,,,,,,,,,,,,,,,,,,,,,,,,,,,,,,,,,,,,,,,,,,,,,,,,,,,,,,高阳站,,,,,,,,,,,,,,,,,,,,,,
,,,,,,,,,,,,,,,,,,,,,,,,,,,,,,,,,,,,,,,,,,,,,,,,,,,,,,,,,,,,,,,,,,,,,,,,,,,,,,,,,,,,,,,,,,,,,,,,,,,,,,,,,,,,,,,,,,,,,,,,,,,,,,,,,,,,,,,,,,,,,,,,,,,,,,,,,,,,,,,,,,,,,,,,,,,,,,,,,,,,,,,,,,,,,,,,通安驿站,,,,,,,,,,,,,,,,,,,,,,
,,,,,,,,,,,,,,,,,,,,,,,,,,,,,,,,,,,,,,,,,,,,,,,,,,,,,,,,,,,,,,,,,,,,,,,,,,,,,,,,,,,,,,,,,,,,,,,,,,,,,,,,,,,,,,,,,,,,,,,,,,,,,,,,,,,,,,,,,,,,,,,,,,,,,,,,,,,,,,,,,,,,,,,,,,,,,,,,,,,,,,,,,,,,,,,,马河镇站,,,,,,,,,,,,,,,,,,,,,,
,,,,,,,,,,,,,,,,,,,,,,,,,,,,,,,,,,,,,,,,,,,,,,,,,,,,,,,,,,,,,,,,,,,,,,,,,,,,,,,,,,,,,,,,,,,,,,,,,,,,,,,,,,,,,,,,,,,,,,,,,,,,,,,,,,,,,,,,,,,,,,,,,,,,,,,,,,,,,,,,,,,,,,,,,,,,,,,,,,,,,,,,,,,,,,,,石品湾站,,,,,,,,,,,,,,,,,,,,,,
,,,,,,,,,,,,,,,,,,,,,,,,,,,,,,,,,,,,,,,,,,,,,,,,,,,,,,,,,,,,,,,,,,,,,,,,,,,,,,,,,,,,,,,,,,,,,,,,,,,,,,,,,,,,,,,,,,,,,,,,,,,,,,,,,,,,,,,,,,,,,,,,,,,,,,,,,,,,,,,,,,,,,,,,,,,,,,,,,,,,,,,,,,,,,,,,荣家湾站,,,,,,,,,,,,,,,,,,,,,,
,,,,,,,,,,,,,,,,,,,,,,,,,,,,,,,,,,,,,,,,,,,,,,,,,,,,,,,,,,,,,,,,,,,,,,,,,,,,,,,,,,,,,,,,,,,,,,,,,,,,,,,,,,,,,,,,,,,,,,,,,,,,,,,,,,,,,,,,,,,,,,,,,,,,,,,,,,,,,,,,,,,,,,,,,,,,,,,,,,,,,,,,,,,,,,,,唐家堡站,,,,,,,,,,,,,,,,,,,,,,
,,,,,,,,,,,,,,,,,,,,,,,,,,,,,,,,,,,,,,,,,,,,,,,,,,,,,,,,,,,,,,,,,,,,,,,,,,,,,,,,,,,,,,,,,,,,,,,,,,,,,,,,,,,,,,,,,,,,,,,,,,,,,,,,,,,,,,,,,,,,,,,,,,,,,,,,,,,,,,,,,,,,,,,,,,,,,,,,,,,,,,,,,,,,,,,,晏家店站,,,,,,,,,,,,,,,,,,,,,,
,,,,,,,,,,,,,,,,,,,,,,,,,,,,,,,,,,,,,,,,,,,,,,,,,,,,,,,,,,,,,,,,,,,,,,,,,,,,,,,,,,,,,,,,,,,,,,,,,,,,,,,,,,,,,,,,,,,,,,,,,,,,,,,,,,,,,,,,,,,,,,,,,,,,,,,,,,,,,,,,,,,,,,,,,,,,,,,,,,,,,,,,,,,,,,,,定西站,,,,,,,,,,,,,,,,,,,,,,
,,,,,,,,,,,,,,,,,,,,,,,,,,,,,,,,,,,,,,,,,,,,,,,,,,,,,,,,,,,,,,,,,,,,,,,,,,,,,,,,,,,,,,,,,,,,,,,,,,,,,,,,,,,,,,,,,,,,,,,,,,,,,,,,,,,,,,,,,,,,,,,,,,,,,,,,,,,,,,,,,,,,,,,,,,,,,,,,,,,,,,,,,,,,,,,,梁家坪站,,,,,,,,,,,,,,,,,,,,,,
,,,,,,,,,,,,,,,,,,,,,,,,,,,,,,,,,,,,,,,,,,,,,,,,,,,,,,,,,,,,,,,,,,,,,,,,,,,,,,,,,,,,,,,,,,,,,,,,,,,,,,,,,,,,,,,,,,,,,,,,,,,,,,,,,,,,,,,,,,,,,,,,,,,,,,,,,,,,,,,,,,,,,,,,,,,,,,,,,,,,,,,,,,,,,,,,红庄站,,,,,,,,,,,,,,,,,,,,,,
,,,,,,,,,,,,,,,,,,,,,,,,,,,,,,,,,,,,,,,,,,,,,,,,,,,,,,,,,,,,,,,,,,,,,,,,,,,,,,,,,,,,,,,,,,,,,,,,,,,,,,,,,,,,,,,,,,,,,,,,,,,,,,,,,,,,,,,,,,,,,,,,,,,,,,,,,,,,,,,,,,,,,,,,,,,,,,,,,,,,,,,,,,,,,,,,李家坪站,,,,,,,,,,,,,,,,,,,,,,
,,,,,,,,,,,,,,,,,,,,,,,,,,,,,,,,,,,,,,,,,,,,,,,,,,,,,,,,,,,,,,,,,,,,,,,,,,,,,,,,,,,,,,,,,,,,,,,,,,,,,,,,,,,,,,,,,,,,,,,,,,,,,,,,,,,,,,,,,,,,,,,,,,,,,,,,,,,,,,,,,,,,,,,,,,,,,,,,,,,,,,,,,,,,,,,,高崖站,,,,,,,,,,,,,,,,,,,,,,
,,,,,,,,,,,,,,,,,,,,,,,,,,,,,,,,,,,,,,,,,,,,,,,,,,,,,,,,,,,,,,,,,,,,,,,,,,,,,,,,,,,,,,,,,,,,,,,,,,,,,,,,,,,,,,,,,,,,,,,,,,,,,,,,,,,,,,,,,,,,,,,,,,,,,,,,,,,,,,,,,,,,,,,,,,,,,,,,,,,,,,,,,,,,,,,,金家村站,,,,,,,,,,,,,,,,,,,,,,
,,,,,,,,,,,,,,,,,,,,,,,,,,,,,,,,,,,,,,,,,,,,,,,,,,,,,,,,,,,,,,,,,,,,,,,,,,,,,,,,,,,,,,,,,,,,,,,,,,,,,,,,,,,,,,,,,,,,,,,,,,,,,,,,,,,,,,,,,,,,,,,,,,,,,,,,,,,,,,,,,,,,,,,,,,,,,,,,,,,,,,,,,,,,,,,,甘草店站,,,,,,,,,,,,,,,,,,,,,,
,,,,,,,,,,,,,,,,,,,,,,,,,,,,,,,,,,,,,,,,,,,,,,,,,,,,,,,,,,,,,,,,,,,,,,,,,,,,,,,,,,,,,,,,,,,,,,,,,,,,,,,,,,,,,,,,,,,,,,,,,,,,,,,,,,,,,,,,,,,,,,,,,,,,,,,,,,,,,,,,,,,,,,,,,,,,,,,,,,,,,,,,,,,,,,,,王家湾站,,,,,,,,,,,,,,,,,,,,,,
,,,,,,,,,,,,,,,,,,,,,,,,,,,,,,,,,,,,,,,,,,,,,,,,,,,,,,,,,,,,,,,,,,,,,,,,,,,,,,,,,,,,,,,,,,,,,,,,,,,,,,,,,,,,,,,,,,,,,,,,,,,,,,,,,,,,,,,,,,,,,,,,,,,,,,,,,,,,,,,,,,,,,,,,,,,,,,,,,,,,,,,,,,,,,,,,许家台站,,,,,,,,,,,,,,,,,,,,,,
,,,,,,,,,,,,,,,,,,,,,,,,,,,,,,,,,,,,,,,,,,,,,,,,,,,,,,,,,,,,,,,,,,,,,,,,,,,,,,,,,,,,,,,,,,,,,,,,,,,,,,,,,,,,,,,,,,,,,,,,,,,,,,,,,,,,,,,,,,,,,,,,,,,,,,,,,,,,,,,,,,,,,,,,,,,,,,,,,,,,,,,,,,,,,,,,夏官营站,,,,,,,,,,,,,,,,,,,,,,
,,,,,,,,,,,,,,,,,,,,,,,,,,,,,,,,,,,,,,,,,,,,,,,,,,,,,,,,,,,,,,,,,,,,,,,,,,,,,,,,,,,,,,,,,,,,,,,,,,,,,,,,,,,,,,,,,,,,,,,,,,,,,,,,,,,,,,,,,,,,,,,,,,,,,,,,,,,,,,,,,,,,,,,,,,,,,,,,,,,,,,,,,,,,,,,,陆家崖站,,,,,,,,,,,,,,,,,,,,,,
,,,,,,,,,,,,,,,,,,,,,,,,,,,,,,,,,,,,,,,,,,,,,,,,,,,,,,,,,,,,,,,,,,,,,,,,,,,,,,,,,,,,,,,,,,,,,,,,,,,,,,,,,,,,,,,,,,,,,,,,,,,,,,,,,,,,,,,,,,,,,,,,,,,,,,,,,,,,,,,,,,,,,,,,,,,,,,,,,,,,,,,,,,,,,,,,骆驼巷站,,,,,,,,,,,,,,,,,,,,,,
,,,,,,,,,,,,,,,,,,,,,,,,,,,,,,,,,,,,,,,,,,,,,,,,,,,,,,,,,,,,,,,,,,,,,,,,,,,,,,,,,,,,,,,,,,,,,,,,,,,,,,,,,,,,,,,,,,,,,,,,,,,,,,,,,,,,,,,,,,,,,,,,,,,,,,,,,,,,,,,,,,,,,,,,,,,,,,,,,,,,,,,,,,,,,,,,桑园子站,,,,,,,,,,,,,,,,,,,,,,
,,,,,,,,,,,,,,,,,,,,,,,,,,,,,,,,,,,,,,,,,,,,,,,,,,,,,,,,,,,,,,,,,,,,,,,,,,,,,,,,,,,,,,,,,,,,,,,,,,,,,,,,,,,,,,,,,,,,,,,,,,,,,,,,,,,,,,,,,,,,,,,,,,,,,,,,,,,,,,,,,,,,,,,,,,,,,,,,,,,,,,,,,,,,,,,,兰州东站,,,,,,,,,,,,,,,,,,,,,,
,,,,,,,,,,,,,,,,,,,,,,,,,,,,,,,,,,,,,,,,,,,,,,,,,,,,,,,,,,,,,,,,,,,,,,,,,,,,,,,,,,,,,,,,,,,,,,,,,,,,,,,,,,,,,,,,,,,,,,,,,,,,,,,,,,,,,,,,,,,,,,,,,,,,,,,,,,,,,,,,,,,,,,,,,,,,,,,,,,,,,,,,,,,,,,,,兰州站,,,,,,,,,,,,,,,,,,,,,,