丹大城际铁路,哈大客运专线，京哈高速线沈哈段，沈大高速线,秦沈客运专线,"津秦高速铁路,津秦客运专线",天津至东营铁路,东营至潍坊铁路,济南至青岛高速铁路，济青高铁，胶济高铁,青荣城际铁路,青连铁路,连盐铁路,盐通铁路,"沪通铁路,沪通线","沪杭客运专线,沪昆高速铁路上海至杭州段","杭甬客运专线,杭福深客运专线杭州至宁波段","甬台温铁路,杭福深线宁波至温州段","温福铁路,沪深铁路温州至福州段","福厦铁路,杭福深铁路福州至厦门段","厦深铁路,杭福深高速铁路厦门至深圳段","深湛铁路,前名深茂铁路,广东西部沿海高速铁路深湛段",茂湛铁路,合湛铁路,钦北铁路,"钦防铁路,广西沿海铁路钦州北至防城港段扩能改造工程",潍莱客运专线,京沪高速铁路,"宁杭客运专线,宁杭高速铁路",合蚌客运专线,商合杭客运专线（合肥-杭州段）,东线,京津城际铁路,天津至东营铁路,东营至潍坊铁路,潍坊至临沂铁路,临沂至淮安铁路,连镇铁路（淮安-扬州段）,宁启铁路（扬州-南通段）,沪通铁路,京雄城际铁路,雄商客运专线,商杭客运专线,合安九客运专线,阜冈九客运专线,昌九城际线,昌赣客运专线,赣深客运专线,广深港高速铁路,"合福客运专线,京台高速铁路合肥至福州段",昌福铁路,哈大客运专线,京沈客运专线,京石客运专线,石武客运专线,武广客运专线,广深港高速铁路,广珠城际铁路,珠海至澳门铁路,京包铁路,"大西客运专线,大西高铁",太焦高速铁路,"郑焦城际铁路,郑焦铁路",焦洛城际铁路,郑万高速铁路,洛平城际铁路,襄阳至宜昌铁路,宜昌至常德铁路,长益常城际铁路,益阳至邵阳铁路,邵阳至永州铁路,衡柳铁路,湘桂铁路,柳南城际铁路,京雄铁路,保忻客运专线,大西客运专线,西成客运专线, 蓉昆高铁,渝昆高速铁路,京包铁路,大西客运专线,包西铁路,渝西高速铁路,渝贵铁路,贵南客运专线, 南钦铁路,钦北高速铁路,合湛铁路,粤海铁路,海南东环铁路,海南西环高速铁路,西银铁路,成兰铁路,成贵客运专线,贵广客运专线,牡绥铁路,哈牡客运专线,"哈齐高速铁路,哈齐客运专线",齐齐哈尔至满洲里铁路,京张城际铁路,呼张客运专线,"集包铁路第二双线,集包铁路",包兰铁路,胶济客运专线,济青高速铁路,石济客运专线,石太客运专线,太中银铁路,连徐客运专线,郑徐客运专线,郑西客运专线,西宝客运专线,宝兰客运专线,兰新铁路第二双线,成渝客运专线,宁安客运专线,安庆铁路,合九铁路,武九客运专线,汉宜铁路,宜万铁路,渝利铁路,遂渝铁路,遂成铁路,沪杭客运专线,杭长客运专线,长昆客运专线,龙厦铁路,赣瑞龙铁路,赣州至长沙铁路,渝长客运专线,南广铁路,南昆客运专线
丹东站,哈尔滨站,秦皇岛,天津西站,,,济南东站 ,青岛北站,青岛北, 赣榆北站,,  平东站, 上海虹桥,杭州东,宁波,温州南站,福州南站 ,厦门北,深圳北,茂名站,,钦州站 ,钦州北,潍坊北站,北京南,南京南站,蚌埠站,商丘,,北京南,,,,,,南京站,平东站 ,北京西,,,合肥站,,九江,南昌,赣州西,广州南,合肥南,乐化东站,,北京站,丰台 ,石家庄,横店东,,广州南 ,,北京北站,大同南站,太原南站,郑州,,郑州东,,,,,,,衡阳,衡阳,柳州,,,,西安北站,,,,,包头西,,重庆西站,,南宁东,钦州北,,湛江西站Ⅰ场,海口,海口站,茂陵站,成都北站,成都东站,贵阳北站,,哈尔滨站,哈尔滨站,,北京北站,张家口南站,古营盘站,包头站,青岛站,,石家庄站,太原站,太原南,,郑州,郑州东,西安北,宝鸡南,兰州西,成都东,南京南,安庆西站,合肥站,武汉站,汉口站,宜昌东站,利川站,遂宁,遂宁站,,杭州,长沙南,,赣县北,,,南宁,南宁站
同兴站,哈尔滨西站,山海关, 天津站,,,章丘北站,城阳站,红岛,赣榆站,,  南通西站,松江南, 杭州南,宁波东,瑞安站,福清站,角美,深圳机场东,茂名西站,,钦江,钦州,昌邑南站,廊坊,江宁,蚌埠南站,商丘新区,,亦庄,,,,,,林场站,南通西站,广安门,,,新合肥西站(暂定站名),,庐山,横岗,信丰西,庆盛,长临河,南昌西站 ,,星火站,涿州东,高邑西,武汉,,碧江 ,,清河站,怀仁东站,新鸣李站,海棠寺,,郑州南,,,,,,,衡阳南,衡阳西,来宾北,,,,阿房宫站,,,,,包头南,,珞璜南站,,五象,钦州东 ,,湛江西站Ⅱ场,长流,老城镇站,乾县站,大弯镇站,成都南站,贵阳东站,,新香坊北站,哈尔滨北站,,清河站,怀安站,集宁南站,包头西站,青岛北站,,石家庄东站,太原东站,北六堡,,郑州东,郑州,咸阳秦都,安坪,陈家湾西,简阳南,江宁西,石镜站,桃花店站,花山南站,汉川站,宜昌南站,凉雾站,遂宁南,大英东站,,杭州南,湘潭北,,于都,,,南宁东,南宁西站
丹东西站,双城北站,东戴河,军粮城北站,,,邹平南站, 即墨北站,洋河口,连云港站,, 张家港北站,金山北,绍兴北,云龙,鳌江站,渔溪站,漳州,虎门南,吴川站,,钦州东站,茅岭江,平度北站,天津西,句容西,刘府南站,庐庙,,永乐,,,,,,葛塘站,张家港北站,白盆窑 ,,,合肥西站 ,,德安 ,丰城东,龙南东,虎门,巢湖东,向塘西站,,顺义西站,高碑店东,邢台东 ,乌龙泉东,,北_,,沙河站,应县站,晋中站,南阳寨,,长葛北,,,,,,,谭子山南,祁东北,宾阳,,,,_邑站,,,,,达拉特西,,綦江东站,,大塘,大马,,雷州站,秀英,福山镇站,永寿站 ,青白江站,双流机场站,龙洞堡站,,阿城北站,肇东站,,沙河站,兴和北站,葫芦站,达拉_站,娄山站,,藁城南站,东凌井站,清徐,,开封北,郑州西,杨陵南,东岔,民和南,资阳北,马鞍山东,月形山站,合肥西站,左岭站,天门南站,车溪站,沙子关站,三星,积金南站,,诸暨,韶山南,,会昌北,,,宾阳 ,隆安东站
前阳南站,扶余北站, 绥中北,滨海站,,,淄博北站,夏格庄站,青岛西,  海州站,, 张家港站,嘉善南, 绍兴东,奉化,苍南站,涵江站,漳浦,南沙,塘缀站,,那丽站,茅岭南,莱西北站,天津南,溧水,淮南东站,古城东,,武清,,,,,,殷庄站,张家港站 ,李营,,,竹溪站 ,,共青城,樟树东,定南西,光明城,无为,三江镇站,,怀柔南站,保定东,邯郸东 ,咸宁北,,顺德 ,,昌平站,山阴站,太谷东站,黄河景区,,禹州,,,,,,,祁东,祁阳北,南宁东,,,,新场街站 ,,,,,响沙湾,,赶水东站,,小董西,合浦,,龙门镇站,城西,临高南站,彬县站,三星堆站,双流西站,龙里北站,,帽儿山西站,安达站,,昌平站,乌兰察布站,卓资东站,哈业胡同站,胶州北站,,辛集南站,阳泉北站,交城,,兰考南,巩义南,岐山,石家湾,乐都南,资中北,当涂东,安庆北站,竹溪站,葛店南站,仙桃西站,长阳站,石柱县站,潼南,淮口南站,,义乌,娄底南,,瑞金,,,贵港,平果站
东港北站,德惠西站,兴城西,滨海北站,,,临淄北站, 莱西北站, 董家口,董集站,,常熟站,嘉兴南,余姚北,宁海,福鼎站,莆田站,云霄,民众,黄略站,,旺乡岭站,防城港北,,沧州西,瓦屋山,水家湖站,亳州南,,天津,,,,,,六合站,常熟站 ,黄村,,,肥西站,,永修,新干东,和平东,深圳北,铜陵北,大岗站,,密云东站,定州东,安阳东,赤壁北,,顺德学院,,南口站,代县站,榆社西站,武陟,,郏县,,,,,,,祁阳,永州,南宁,,,,佛坪站,,,,,罕台川,,桐梓北站,,钦州北,北海,,徐闻站,海口东,银滩站,长武站,什邡站,新津站,贵定县站,,尚志南站,大庆东站,,八达岭长城站,卓资东站,旗下营东站,白彦花站,高密站,,衡水北站,井陉北站,文水,,民权北,洛阳龙门,宝鸡南,天水南,海东西,内江北,芜湖 ,安庆站,肥西站,华容南站,潜江站,榔坪站,丰都站,下太和,石板滩站,,金华,邵阳北,,长汀南,,,郁江 ,那何站
北井子站,长春西站, 葫芦岛北,唐山站,,,青州北站, 莱阳站,两城,  灌云东站,,太仓港站,桐乡,庄桥,三门县,太姥山站,仙游站,诏安,中山北,塘口站,,合浦站,防城港,,德州东,溧阳,下塘集站,太和东,,,,,,,,余家营站,太仓港站 ,北京新机场,,,舒城东站,,乐化,峡江,龙川西,福田,南陵,抚州北站,,兴隆西站,正定机场 ,鹤壁东,岳阳东,,容桂 ,,东园站,原平西站,武乡西站,修武西,,平顶山西,,,,,,,高溪市,永州东,,,,,洋县西站,,,,,东胜西,,桐梓东站,,,北海港前,,海安东站,美兰,白马井站,和盛站 ,绵竹站,新津南站,都匀东站,,一面坡北站,大庆西站,,东花园北站,旗下营南站,陶卜齐站,公庙子站,昌邑站,,景州站,石家庄站,汾阳,,商丘,渑池南,,秦安,西宁,隆昌北,弋江,,丰乐站,鄂州站,荆州站,巴东站,涪陵北站,渭沱,成都东站,,龙游,新化南,,冠豸山,,,桂平,田东北站
大孤山站,公主岭南站, 锦州南,  滦河站,,,  潍坊北站,海阳北站,日照北, 田楼站,,  太仓站,海宁西, 宁波,临海,霞浦站,惠安站,饶平,横栏,湛江站,,北海站,,,济南西 ,徐舍,双墩集站,阜阳西,,,,,,,,仪征站,太仓站 ,固安东,,,庐江西站,,南昌西,吉水西,东源,西九龙,泾县,抚州站,,安匠站,石家庄,新乡东,汨罗东,,南头,,居庸关站,忻州西站,襄垣东站,焦作,,方城,,,,,,,永州,东安,,,,,城固北站,,,,,鄂尔多斯,,娄山关南站,,,,,海安南站,文昌,海头站,庆阳市站,安县站,彭山北站,三都县站,,苇河西站,杜尔伯特站,,怀来站,呼和浩特东站,白塔站,乌拉山站,潍坊站,,德州东站,@@,吴城,,砀山南,三门峡南,,通渭,大通西,荣昌北,繁昌西,,舒城站 ,鄂州东站,枝江北站,高坪站,长寿北站,合川 ,,,衢州,溆浦南,,古田会址,,,平南南,田阳站
青堆站, 四平东站, 凌海南, 北戴河站,,,高密北站,桃村北站,奎山镇,  响水站,, 安亭西站,余杭,@@,台州,福安站,泉州站  ,潮汕,江门,@@,,港区站,,,泰安,宜兴,合肥北城站,颍上北,,,,,,,,扬州站,安亭西站 ,霸州北,,,桐城东站,,,吉安西,河源东,,旌德,腾桥站,,承德南站,@@,郑州东 ,长沙南,,小榄,,三堡站,阳曲西站,长治东站,@@,,南阳南,,,,,,,东安东,全州,,,,,汉中站 ,,,,,新街,,遵义站,,,,,海口站,琼海,棋子湾站,庆城站,高川站,眉山东站,榕江站,,亚布力西站,红旗营东站,,下花园北站,,呼和浩特东站,乌拉特前旗站,昌乐站,,平原东站,阳泉北站,吕梁,,永城北,灵宝西,,下小岔,门源,大足南,钟鸣北,,郭河站,花湖站,宜昌东站,落水洞站,复盛站,石子山,,,江山,怀化南,,龙岩,,,藤县,百色站
兰店站,昌图西站,盘锦北,  秦皇岛站,,,胶州北站,烟台南站,岚山西,滨海县站,,  安亭站, 杭州东,庄桥,台州南,宁德站,晋江站  ,潮阳,双水镇,湛江西2场,,,,,曲阜东,宜兴,合肥站,凤台南,,,,,,,,扬州东站,安亭站,雄安,,,双港站,,,泰和,博罗北,,绩溪北,南城站,,承德县北站,涿州东,新郑东,株洲西,,东升,,青龙桥西站,太原东站,长治县站,南阳寨,,邓州东,,,,,,,庙头西,绍水,,,,,新集站,,,,,中鸡,,龙坑站,,,,,海口南站,博鳌,东方站,环县站,茂县站,青神站,从江站,,横道河子东站,齐齐哈尔南站,,宣化北站,,呼和浩特站,塔布站,青州市站,,禹城东站,井陉北站,柳林南,,萧县北,华山北,,榆中,浩门,永川东,铜陵,,庐江站,黄石北站,,建始站,双溪站,重庆北,,,玉山南,芷江,,@@,,,梧州南 ,阳圩站
庄河北站,开原西站,台安,,,, 青岛机场站, 牟平站, 赣榆北, 阜宁东站,,  黄渡站,@@,宁波北,温岭,罗源站,厦门东站,普宁,台山,湛江西1场,,,,,滕州东,湖州,,寿县,,,,,,,,江都站,黄渡站,,,,新安庆西站(暂定站名),,,万安,惠州北,,歙县北,南丰站,,平泉北站,北京西,许昌东,衡山西,,中山北,,青龙桥站,太原站,高平东站,东双桥,,襄阳东津,,,,,,,全州南,兴安,,,,,宁强南站,,,,,神木西,,遵义南站,,,,,澄迈站,和乐,金月湾站,甜水堡站,叠溪站,乐山站,三江南站,,海林北站,,,张家口南站,,台阁牧站,沙拐子站,临淄站,,齐河站,获鹿站,吴堡,,徐州东,渭南北,,兰州西,军马场,璧山,马衙,,柯坦站,大冶北站,,白杨坪站,重庆北站,,,,上饶,新晃西,,赣县,,,省界,者桑站
庄河西站,铁岭西站,辽中,,,, 红岛站,威海北站,@@,射阳站,,,余杭,,雁荡山,连江站,厦门北站,葵潭,开平南,黄略站,,,,,枣庄,德清,,淮南南,,,,,,,,泰州西站,,,,,潜山南站,,,兴国西,塘厦,,黄山北,西城站,,牛河梁站,,漯河西,衡阳东,,中山,,八达岭站,太原南站,晋城东站,广武,,保康,,,,,,,松川,灵川,,,,,朝天站 ,,,,,大保当,,息烽站,,,,,龙坡站,万宁,尖峰站,太阳山站,镇江关站,犍为站,五通站,,牡丹江西站,,,@@,,察素齐站,西小召站,淄博站,,济南东站,石家庄北站,绥德,,,临潼东,,,民乐,沙坪坝,池州,,黄荆苯站,白沙铺站,,白果站,,,,,弋阳,铜仁南,,于都,,,郁南 ,富宁站
花园口站,沈阳北站,皇姑屯,,,, 青岛北站,威海站,日照北, 盐城北站,,,杭州,,绅坊,福州南站,杏林站,陆丰,恩平,塘缀站,,,,,徐州东,余杭北,,水家湖 ,,,,,,,,泰州站,,,,,太湖南站,,,赣县北,深圳北,,婺源,建宁县北站,,喀左站,,驻马店西,耒阳西,,南朗,,西拨子站,晋中站,博爱站,@@,,宜昌北,,,,,,,兴安北,桂林北,,,,,广元站,,,,,榆林,,修文县站,,,,,东江站,神州,黄流站,吴忠站,松潘站,屏山站,桂林西站,,牡丹江站,,,下花园北站,,三卜素站,临城站,周村东站,,@@,@@,子洲,,,西安北,,,张掖西,重庆,晏塘,,桐城站,阳新站,,恩施站,,,,,鹰潭北,三穗,,,,,南江口,白腊寨站
城子坦站,沈阳站,沈阳北,,,,  青岛站,文登东站,日照,,,,,,乐清,,厦门高崎站,汕尾,阳东,吴川站,,,,,宿州东,杭州东,,合肥北城,,,,,,,,姜堰站,,,,,宿松东站,,,赣州西,,,德兴,泰宁站,,奈林皋站,,明港东,郴州西,,翠亨,,康庄站,太谷西站,焦作站,修武西,,巴东,,,,,,,大榕江北,桂林,,,,,剑门关站 ,,,,,米脂,,贵阳北站,,,,,和珍站,陵水,乐东站,灵武站 ,川主寺站,宜宾西站,阳朔站,,,,,赵川南站,,萨拉齐站,东土城站,章丘站,,济南西站,石家庄北站,靖边,,,@@,,,临泽南,@@,长风,,范岗站,枫林站,,箐口站,,,,,抚州东,凯里南,,,,,云浮东,广南县站
皮口站,沈阳南站,,,,,@@,荣成站,@@,,,,,,永嘉,,厦门站,_门,阳江,@@,,,,,蚌埠南,,,合肥西  ,,,,,,,,海安县站,,,,,黄梅南站,,,,,,上饶,将乐站,,朝阳站,,信阳东,乐昌东,,珠海北 ,,东花园站,祁县东站,,吴村,,巫山,,,,,,,灵川,二塘,,,,,青川站,,,,,绥德,,,,,,,和舍站,亚龙湾,崖州站,银川站,黄胜关站,长宁站,恭城站,,,,,太子城站,,南园村站,义和渠站,大明湖站,,德州东站,石家庄站,定边,,,郑州东,,,高台南,成都东,安庆,,杨树店站,瑞昌西站,,利川站,,,,,进贤南,贵定北,,,,,肇庆东,珠琳站
杏树屯站,辽阳站,,,,,平陵城站,@@,奎山镇,,,,,,温州南,,@@,惠东,阳西,湛江站,,,,,定远,,,合肥南  ,,,,,,,,如皋站,,,,,孔垄北站,,,,,,五府山,夏茂站,,北票站,,孝感北,韶关,,唐家湾,,狼山站,平遥古城站,,云台山,,奉节,,,,,,,桂林北,永福,,,,,江油北站,,,,,清涧县,,,,,,,西流站,三亚,凤凰机场站,,热摩柯站,兴文站,钟山西站,,,,,@@,,包头东站,五原站,济南站,,济南东站,,太阳山,,,郑州西,,,清水北,成都南,@@,,安庆西站,柴桑站,,凉雾站,,,,,南昌西,贵阳东,,,,,三水南,普者黑站
登沙河站,鞍山西站,,,,,章丘北站,桃村北站,日照,,,,,,,,福州站,惠州南,马踏,湛江西1场,,,,,滁州,,,长临河  ,,,,,,,,白蒲站,,,,,庐山站,,,,,,武夷山北,三明北站,,乌兰木图站,,横店东,英德西,,明珠 ,,土木站,介休东站,,,,云阳,,,,,,,桂林,鹿寨,,,,,江油站,,,,,子长,,,,,,,那大站,,三亚站,,九寨沟站,威信站,贺州站,,,,,延庆站,,包头站,四闸站,济南西站,,@@,,红寺堡,,,@@,,,酒泉南,,铜陵北站,,瓜形站,九江站,,汪营站,,,,,高安,贵阳北,,,,,佛山西,腻革龙站
广宁寺站,海城西站,,,,,,芝罘站,,,,,,,,,福州东站,深圳坪山,电白,黄略站,,,,,南京南,,,巢湖东,,,,,,,,平东站,,,,,@@,,,,,,武夷山东,尤溪站,,阜新站,,武汉,清远,,前山,,沙城站,灵石东站,,,,万州北,,,,,,,二塘站,洛埠,,,,,青莲站,,,,,延安,,,,,,,西培站,,,,白古寺站,镇雄站,怀集站,,,,,八达岭长城站,,,景阳林站,,,齐河站,,中宁东,,,渭南北,,,嘉峪关南,,铜陵,,天柱山站,@@,,齐岳山站,,,,,新余北,平坝南,,,,,广州南,弥勒东站
金州站,营口东站,,,,,, 烟台站,,,,,,,,,樟林站,深圳北,茂名,塘缀站,,,,,镇江南,,,@@,,,,,,,,南通站,,,,,新安庆西站(暂定站名),,,,,,建瓯西,中仙站,,黑山北站,,,广州北,,珠海,,新保安站,霍州东站,,,,,,,,,,,永福南,柳州北,,,,,绵阳站,,,,,甘泉北 ,,,,,,,八一站,,,,上漳湾站,毕节站,广宁站,,,,,,,,毛家桥站,,,济南西站,,黄羊湾,,,临潼东,,,清泉南,,,,小池站,庐山站,,关仓坪站,,,,,宜春东,安顺西,,,,,,弥勒站
大连北站,盖州西站,,,,,,,,,,,,,,,福州南站 ,,吴川,吴川站,,,,,丹阳北,,,水家湖 ,,,,,,,,南通东站,,,,,安庆站,,,,,,南平北,长庆站,,新民北站,,,广州南,,湾仔北,,西八里站,洪洞西站,,,,,,,,,,,黄蜡,柳州,,,,,罗江东站,,,,,富县东,,,,,,,雅星站,,,,哈达铺站,大方站,肇庆东站,,,,,,,,四分滩站,,,,,中卫,,,西安,,,玉门,,,,太湖站,九江站,,罗田站,,,,,萍乡北,关岭,,,,,,石林西站
大连站,鲅鱼圈站,,,,,,,,,,,,,,,,,塘缀,@@,,,,,常州北,,,合肥北城,,,,,,,,海门北站,,,,,@@,,,,,,古田北,永泰站,,沈阳西站,,,,,湾仔,,下花园站,临汾西站,,,,,,,,,,,鹿寨北,柳州南,,,,,德阳站,,,,,洛川,,,,,,,芙蓉田站,,,,岷县站,黔西站,三水南站,,,,,,,,南台子站,,,,,@@,,,,,,柳沟南,,,,凉亭河站,,,谷雨站,,,,,醴陵东,普安,,,,,,阳宗站
,瓦房店西站,,,,,,,,,,,,,,,,,黄略,湛江西2场,,,,,无锡东,,,合肥,,,,,,,,临江站,,,,,合肥南站,,,,,,闽清北,杜坞站,,沈阳站,,,,,十字门 ,,辛庄子站,襄汾西站,,,,,,,,,,,香兰北,进德,,,,,广汉北站,,,,,黄陵南,,,,,,,太坡站,,,,渭源站,白云站,佛山西站,,,,,,,,杜家台站,,,,,定边,,,,,,石板墩南,,,,宿松站,,,鱼背山站,,,,,长沙南,盘县,,,,,,昆明南站
,普湾站,,,,,,,,,,,,,,,,,湛江西Ⅰ场,塘口站,,,,,苏州北,,,肥东,,,,,,,,启东站,,,,,合肥西站 ,,,,,,福州,福州站,,沈阳南站,,,,,金融,,宣化站,侯马西站,,,,,,,,,,,鹧鸪江,来宾,,,,,青白江东站,,,,,北塬,,,,,,,叉河站,,,,兰州东站,贵阳东站,广州南站,,,,,,,,生丰站,,,,,盐池,,,,,,柳园南,,,,水码站,,,柑子园站,,,,,@@,富源北,,,,,,洛羊镇站
,大连北站,,,,,,,,,,,,,,,,,湛江西Ⅱ场 ,黄略站,,,,,昆山南,,,巢湖北,,,,,,,,吕四站,,,,,肥西站,,,,,,,莆田站,,@@,,,,,横琴,,沙岭子东站,闻喜西站,,,,,,,,,,,青茅,黎塘,,,,,新都东站,,,,,西社,,,,,,,@@,,,,,@@,@@,,,,,,,,临河站,,,,,灵武,,,,,,大泉南,,,,黄梅站,,,五桥站,,,,,杭州东,曲靖北,,,,,,昆明东站
,大连站,,,,,,,,,,,,,,,,,@@,塘缀站,,,,,上海虹桥,,,巢湖东 ,,,,,,,,,,,,,,,,,,,,@@,,沈阳北站,,,,,长隆公园,,沙岭子站,运城北站,,,,,,,,,,,柳州西,邕宁,,,,,成都东站,,,,,蒲城东 ,,,,,,,塘口站,,,,,乐山站,桂林西站,,,,,,,,李玉站,,,,,银川,,,,,,红柳河南,,,,濯港站,,,万州站,,,,,杭州南,嵩明,,,,,,昆明站
,,,,,,,,,,,,,,,,,,新会,吴川站,,,,,,,,含山西,,,,,,,,,,,,,,,,,,,,乐化站,,沈阳站,,,,,鹤洲南,,张家口南站,永济北站,,,,,,,,,,,柳州,南宁东,,,,,@@,,,,,张桥,,,,,,,湛江西站Ⅱ场,,,,,峨眉站,桂林北站,,,,,,,,蓿_站,,,,,黄羊湾,,,,,,思甜南,,,,孔垄站,,,,,,,,,昆明南,,,,,,
,,,,,,,,,,,,,,,,,,江门,,,,,,,,,芜湖北,,,,,,,,,,,,,,,,,,,,南昌北站,,@@,,,,,三灶,,孔家庄站,大荔站,,,,,,,,,,,@@,南宁 ,,,,,西安站,,,,,何寨,,,,,,,,,,,,峨眉山站,@@,,,,,,,,脑高站,,,,,,,,,,,烟墩东,,,,小池口站,,,,,,,,,,,,,,,
,,,,,,,,,,,,,,,,,,@@,,,,,,,,,芜湖 ,,,,,,,,,,,,,,,,,,,,@@,,沈阳西站,,,,,珠海机场,,王玉庄站,渭南北站,,,,,,,,,,,衡阳东,南宁南,,,,,阿房宫站,,,,,新丰镇,,,,,,,,,,,,,桂林北站,,,,,,,,头道桥站,,,,,,,,,,,盐泉北,,,,九江站,,,,,,,,,,,,,,,
,,,,,,,,,,,,,,,,,,吴川,,,,,,,,,弋江,,,,,,,,,,,,,,,,,,,,永泰站,,新沈阳北站,,,,,@@,,郭磊庄站,临潼东站,,,,,,,,,,,衡阳南,崇左,,,,,,,,,,@@,,,,,,,,,,,,,桂林北站,,,,,,,,黄羊站,,,,,,,,,,,哈密,,,,,,,,,,,,,,,,,,,
,,,,,,,,,,,,,,,,,,塘缀,,,,,,,,,湾_南,,,,,,,,,,,,,,,,,,,,涵江北站,,,,,,,小榄,,柴沟堡站,西安北站,,,,,,,,,,,,宁明,,,,,,,,,,钟家村,,,,,,,,,,,,,,,,,,,,,补隆淖站,,,,,,,,,,,柳树泉南,,,,,,,,,,,,,,,,,,,
,,,,,,,,,,,,,,,,,,黄略,,,,,,,,,宣城 ,,,,,,,,,,,,,,,,,,,,莆田站,,,,,,,古镇,,西湾堡站,,,,,,,,,,,,,凭祥,,,,,,,,,,张桥,,,,,,,,,,,,,,,,,,,,,黄土档站,,,,,,,,,,,了墩北,,,,,,,,,,,,,,,,,,,
,,,,,,,,,,,,,,,,,,塘口,,,,,,,,,郎溪,,,,,,,,,,,,,,,,,,,,@@,,,,,,,外海,,永嘉堡站,,,,,,,,,,,,,隘口,,,,,,,,,,,,,,,,,,,,,,,,,,,,,,,巴彦高勒站,,,,,,,,,,,红层南,,,,,,,,,,,,,,,,,,,
,,,,,,,,,,,,,,,,,,湛江西Ⅱ场 ,,,,,,,,,广德南,,,,,,,,,,,,,,,,,,,,南昌西站 ,,,,,,,江门东,,夏小堡站,,,,,,,,,,,,,@@,,,,,,,,,,,,,,,,,,,,,,,,,,,,,,,杭锦旗站,,,,,,,,,,,小草湖西,,,,,,,,,,,,,,,,,,,
,,,,,,,,,,,,,,,,,,,,,,,,,,,安吉,,,,,,,,,,,,,,,,,,,,南昌北站,,,,,,,礼乐,,天镇站,,,,,,,,,,,,,灵川,,,,,,,,,,,,,,,,,,,,,,,,,,,,,,,磨石沟站,,,,,,,,,,,吐哈,,,,,,,,,,,,,,,,,,,
,,,,,,,,,,,,,,,,,,,,,,,,,,,湖州,,,,,,,,,,,,,,,,,,,,,,,,,,,新会,,罗文皂站,,,,,,,,,,,,,桂林西,,,,,,,,,,,,,,,,,,,,,,,,,,,,,,,大陆盖站,,,,,,,,,,,鄯善北,,,,,,,,,,,,,,,,,,,
,,,,,,,,,,,,,,,,,,,,,,,,,,,德清,,,,,,,,,,,,,,,,,,,,,,,,,,,江门 ,,阳高站,,,,,,,,,,,,,@@,,,,,,,,,,,,,,,,,,,,,,,,,,,,,,,桃司兔站,,,,,,,,,,,胜金北,,,,,,,,,,,,,,,,,,,
,,,,,,,,,,,,,,,,,,,,,,,,,,,杭州东,,,,,,,,,,,,,,,,,,,,,,,,,,,,,王官人屯站,,,,,,,,,,,,,桂林西,,,,,,,,,,,,,,,,,,,,,,,,,,,,,,,依克布浪站,,,,,,,,,,,吐鲁番北,,,,,,,,,,,,,,,,,,,
,,,,,,,,,,,,,,,,,,,,,,,,,,,@@,,,,,,,,,,,,,,,,,,,,,,,,,,,,,聚乐堡站,,,,,,,,,,,,,二塘,,,,,,,,,,,,,,,,,,,,,,,,,,,,,,,那林桃_站,,,,,,,,,,,大河沿,,,,,,,,,,,,,,,,,,,
,,,,,,,,,,,,,,,,,,,,,,,,,,,肥东,,,,,,,,,,,,,,,,,,,,,,,,,,,,,周士庄站,,,,,,,,,,,,,@@,,,,,,,,,,,,,,,,,,,,,,,,,,,,,,,大羊场站,,,,,,,,,,,盐湖西,,,,,,,,,,,,,,,,,,,
,,,,,,,,,,,,,,,,,,,,,,,,,,,合肥南,,,,,,,,,,,,,,,,,,,,,,,,,,,,,大同东站,,,,,,,,,,,,,柳州南,,,,,,,,,,,,,,,,,,,,,,,,,,,,,,,碱柜站,,,,,,,,,,,乌鲁木齐南,,,,,,,,,,,,,,,,,,,
,,,,,,,,,,,,,,,,,,,,,,,,,,,,,,,,,,,,,,,,,,,,,,,,,,,,,,,,大同站,,,,,,,,,,,,,柳州东,,,,,,,,,,,,,,,,,,,,,,,,,,,,,,,千里山站,,,,,,,,,,,乌鲁木齐,,,,,,,,,,,,,,,,,,,
,,,,,,,,,,,,,,,,,,,,,,,,,,,,,,,,,,,,,,,,,,,,,,,,,,,,,,,,古店站,,,,,,,,,,,,,,,,,,,,,,,,,,,,,,,,,,,,,,,,,,,,乌海北站,,,,,,,,,,,,,,,,,,,,,,,,,,,,,,
,,,,,,,,,,,,,,,,,,,,,,,,,,,,,,,,,,,,,,,,,,,,,,,,,,,,,,,,孤山站,,,,,,,,,,,,,,,,,,,,,,,,,,,,,,,,,,,,,,,,,,,,源地站,,,,,,,,,,,,,,,,,,,,,,,,,,,,,,
,,,,,,,,,,,,,,,,,,,,,,,,,,,,,,,,,,,,,,,,,,,,,,,,,,,,,,,,堡子湾站,,,,,,,,,,,,,,,,,,,,,,,,,,,,,,,,,,,,,,,,,,,,乌海站,,,,,,,,,,,,,,,,,,,,,,,,,,,,,,
,,,,,,,,,,,,,,,,,,,,,,,,,,,,,,,,,,,,,,,,,,,,,,,,,,,,,,,,五台洼站,,,,,,,,,,,,,,,,,,,,,,,,,,,,,,,,,,,,,,,,,,,,中滩站,,,,,,,,,,,,,,,,,,,,,,,,,,,,,,
,,,,,,,,,,,,,,,,,,,,,,,,,,,,,,,,,,,,,,,,,,,,,,,,,,,,,,,,丰镇站,,,,,,,,,,,,,,,,,,,,,,,,,,,,,,,,,,,,,,,,,,,,黄白茨站,,,,,,,,,,,,,,,,,,,,,,,,,,,,,,
,,,,,,,,,,,,,,,,,,,,,,,,,,,,,,,,,,,,,,,,,,,,,,,,,,,,,,,,监地站,,,,,,,,,,,,,,,,,,,,,,,,,,,,,,,,,,,,,,,,,,,,乌海西站,,,,,,,,,,,,,,,,,,,,,,,,,,,,,,
,,,,,,,,,,,,,,,,,,,,,,,,,,,,,,,,,,,,,,,,,,,,,,,,,,,,,,,,新安庄站,,,,,,,,,,,,,,,,,,,,,,,,,,,,,,,,,,,,,,,,,,,,落石滩站,,,,,,,,,,,,,,,,,,,,,,,,,,,,,,
,,,,,,,,,,,,,,,,,,,,,,,,,,,,,,,,,,,,,,,,,,,,,,,,,,,,,,,,永王庄站,,,,,,,,,,,,,,,,,,,,,,,,,,,,,,,,,,,,,,,,,,,,惠农站,,,,,,,,,,,,,,,,,,,,,,,,,,,,,,
,,,,,,,,,,,,,,,,,,,,,,,,,,,,,,,,,,,,,,,,,,,,,,,,,,,,,,,,红砂坝站,,,,,,,,,,,,,,,,,,,,,,,,,,,,,,,,,,,,,,,,,,,,红果子站,,,,,,,,,,,,,,,,,,,,,,,,,,,,,,
,,,,,,,,,,,,,,,,,,,,,,,,,,,,,,,,,,,,,,,,,,,,,,,,,,,,,,,,索家村站,,,,,,,,,,,,,,,,,,,,,,,,,,,,,,,,,,,,,,,,,,,,燕子墩站,,,,,,,,,,,,,,,,,,,,,,,,,,,,,,
,,,,,,,,,,,,,,,,,,,,,,,,,,,,,,,,,,,,,,,,,,,,,,,,,,,,,,,,土贵乌拉站,,,,,,,,,,,,,,,,,,,,,,,,,,,,,,,,,,,,,,,,,,,,石嘴山站,,,,,,,,,,,,,,,,,,,,,,,,,,,,,,
,,,,,,,,,,,,,,,,,,,,,,,,,,,,,,,,,,,,,,,,,,,,,,,,,,,,,,,,纳继站,,,,,,,,,,,,,,,,,,,,,,,,,,,,,,,,,,,,,,,,,,,,西大滩站,,,,,,,,,,,,,,,,,,,,,,,,,,,,,,
,,,,,,,,,,,,,,,,,,,,,,,,,,,,,,,,,,,,,,,,,,,,,,,,,,,,,,,,苏集站,,,,,,,,,,,,,,,,,,,,,,,,,,,,,,,,,,,,,,,,,,,,暖泉站,,,,,,,,,,,,,,,,,,,,,,,,,,,,,,
,,,,,,,,,,,,,,,,,,,,,,,,,,,,,,,,,,,,,,,,,,,,,,,,,,,,,,,,古营盘站,,,,,,,,,,,,,,,,,,,,,,,,,,,,,,,,,,,,,,,,,,,,芦花台站,,,,,,,,,,,,,,,,,,,,,,,,,,,,,,
,,,,,,,,,,,,,,,,,,,,,,,,,,,,,,,,,,,,,,,,,,,,,,,,,,,,,,,,集宁南站,,,,,,,,,,,,,,,,,,,,,,,,,,,,,,,,,,,,,,,,,,,,西湖站,,,,,,,,,,,,,,,,,,,,,,,,,,,,,,
,,,,,,,,,,,,,,,,,,,,,,,,,,,,,,,,,,,,,,,,,,,,,,,,,,,,,,,,葫芦站,,,,,,,,,,,,,,,,,,,,,,,,,,,,,,,,,,,,,,,,,,,,银川站,,,,,,,,,,,,,,,,,,,,,,,,,,,,,,
,,,,,,,,,,,,,,,,,,,,,,,,,,,,,,,,,,,,,,,,,,,,,,,,,,,,,,,,三岔口站,,,,,,,,,,,,,,,,,,,,,,,,,,,,,,,,,,,,,,,,,,,,银川南站,,,,,,,,,,,,,,,,,,,,,,,,,,,,,,
,,,,,,,,,,,,,,,,,,,,,,,,,,,,,,,,,,,,,,,,,,,,,,,,,,,,,,,,八苏木站,,,,,,,,,,,,,,,,,,,,,,,,,,,,,,,,,,,,,,,,,,,,平吉堡站,,,,,,,,,,,,,,,,,,,,,,,,,,,,,,
,,,,,,,,,,,,,,,,,,,,,,,,,,,,,,,,,,,,,,,,,,,,,,,,,,,,,,,,十八台站,,,,,,,,,,,,,,,,,,,,,,,,,,,,,,,,,,,,,,,,,,,,黄羊滩站,,,,,,,,,,,,,,,,,,,,,,,,,,,,,,
,,,,,,,,,,,,,,,,,,,,,,,,,,,,,,,,,,,,,,,,,,,,,,,,,,,,,,,,哈拉站,,,,,,,,,,,,,,,,,,,,,,,,,,,,,,,,,,,,,,,,,,,,玉泉营站,,,,,,,,,,,,,,,,,,,,,,,,,,,,,,
,,,,,,,,,,,,,,,,,,,,,,,,,,,,,,,,,,,,,,,,,,,,,,,,,,,,,,,,马盖图站,,,,,,,,,,,,,,,,,,,,,,,,,,,,,,,,,,,,,,,,,,,,大坝站,,,,,,,,,,,,,,,,,,,,,,,,,,,,,,
,,,,,,,,,,,,,,,,,,,,,,,,,,,,,,,,,,,,,,,,,,,,,,,,,,,,,,,,姑家堡站,,,,,,,,,,,,,,,,,,,,,,,,,,,,,,,,,,,,,,,,,,,,小坝站,,,,,,,,,,,,,,,,,,,,,,,,,,,,,,
,,,,,,,,,,,,,,,,,,,,,,,,,,,,,,,,,,,,,,,,,,,,,,,,,,,,,,,,卓资山站,,,,,,,,,,,,,,,,,,,,,,,,,,,,,,,,,,,,,,,,,,,,青铜峡站,,,,,,,,,,,,,,,,,,,,,,,,,,,,,,
,,,,,,,,,,,,,,,,,,,,,,,,,,,,,,,,,,,,,,,,,,,,,,,,,,,,,,,,福生庄站,,,,,,,,,,,,,,,,,,,,,,,,,,,,,,,,,,,,,,,,,,,,青分站,,,,,,,,,,,,,,,,,,,,,,,,,,,,,,
,,,,,,,,,,,,,,,,,,,,,,,,,,,,,,,,,,,,,,,,,,,,,,,,,,,,,,,,安居站,,,,,,,,,,,,,,,,,,,,,,,,,,,,,,,,,,,,,,,,,,,,分守岭站,,,,,,,,,,,,,,,,,,,,,,,,,,,,,,
,,,,,,,,,,,,,,,,,,,,,,,,,,,,,,,,,,,,,,,,,,,,,,,,,,,,,,,,三道营站,,,,,,,,,,,,,,,,,,,,,,,,,,,,,,,,,,,,,,,,,,,,渠口堡站,,,,,,,,,,,,,,,,,,,,,,,,,,,,,,
,,,,,,,,,,,,,,,,,,,,,,,,,,,,,,,,,,,,,,,,,,,,,,,,,,,,,,,,蒙古营站,,,,,,,,,,,,,,,,,,,,,,,,,,,,,,,,,,,,,,,,,,,,枣园堡站,,,,,,,,,,,,,,,,,,,,,,,,,,,,,,
,,,,,,,,,,,,,,,,,,,,,,,,,,,,,,,,,,,,,,,,,,,,,,,,,,,,,,,,旗下营站,,,,,,,,,,,,,,,,,,,,,,,,,,,,,,,,,,,,,,,,,,,,新市沟站,,,,,,,,,,,,,,,,,,,,,,,,,,,,,,
,,,,,,,,,,,,,,,,,,,,,,,,,,,,,,,,,,,,,,,,,,,,,,,,,,,,,,,,民族站,,,,,,,,,,,,,,,,,,,,,,,,,,,,,,,,,,,,,,,,,,,,中宁站,,,,,,,,,,,,,,,,,,,,,,,,,,,,,,
,,,,,,,,,,,,,,,,,,,,,,,,,,,,,,,,,,,,,,,,,,,,,,,,,,,,,,,,陶卜齐站,,,,,,,,,,,,,,,,,,,,,,,,,,,,,,,,,,,,,,,,,,,,黄羊湾站,,,,,,,,,,,,,,,,,,,,,,,,,,,,,,
,,,,,,,,,,,,,,,,,,,,,,,,,,,,,,,,,,,,,,,,,,,,,,,,,,,,,,,,郭家营站,,,,,,,,,,,,,,,,,,,,,,,,,,,,,,,,,,,,,,,,,,,,柳家庄站,,,,,,,,,,,,,,,,,,,,,,,,,,,,,,
,,,,,,,,,,,,,,,,,,,,,,,,,,,,,,,,,,,,,,,,,,,,,,,,,,,,,,,,白塔站,,,,,,,,,,,,,,,,,,,,,,,,,,,,,,,,,,,,,,,,,,,,镇罗堡站,,,,,,,,,,,,,,,,,,,,,,,,,,,,,,
,,,,,,,,,,,,,,,,,,,,,,,,,,,,,,,,,,,,,,,,,,,,,,,,,,,,,,,,南店站,,,,,,,,,,,,,,,,,,,,,,,,,,,,,,,,,,,,,,,,,,,,中卫站,,,,,,,,,,,,,,,,,,,,,,,,,,,,,,
,,,,,,,,,,,,,,,,,,,,,,,,,,,,,,,,,,,,,,,,,,,,,,,,,,,,,,,,呼和浩特站,,,,,,,,,,,,,,,,,,,,,,,,,,,,,,,,,,,,,,,,,,,,迎水桥站,,,,,,,,,,,,,,,,,,,,,,,,,,,,,,
,,,,,,,,,,,,,,,,,,,,,,,,,,,,,,,,,,,,,,,,,,,,,,,,,,,,,,,,攸攸板站,,,,,,,,,,,,,,,,,,,,,,,,,,,,,,,,,,,,,,,,,,,,沙坡头站,,,,,,,,,,,,,,,,,,,,,,,,,,,,,,
,,,,,,,,,,,,,,,,,,,,,,,,,,,,,,,,,,,,,,,,,,,,,,,,,,,,,,,,台阁牧站,,,,,,,,,,,,,,,,,,,,,,,,,,,,,,,,,,,,,,,,,,,,孟家湾站,,,,,,,,,,,,,,,,,,,,,,,,,,,,,,
,,,,,,,,,,,,,,,,,,,,,,,,,,,,,,,,,,,,,,,,,,,,,,,,,,,,,,,,大里堡站,,,,,,,,,,,,,,,,,,,,,,,,,,,,,,,,,,,,,,,,,,,,长流水站,,,,,,,,,,,,,,,,,,,,,,,,,,,,,,
,,,,,,,,,,,,,,,,,,,,,,,,,,,,,,,,,,,,,,,,,,,,,,,,,,,,,,,,毕克齐站,,,,,,,,,,,,,,,,,,,,,,,,,,,,,,,,,,,,,,,,,,,,红卫站,,,,,,,,,,,,,,,,,,,,,,,,,,,,,,
,,,,,,,,,,,,,,,,,,,,,,,,,,,,,,,,,,,,,,,,,,,,,,,,,,,,,,,,察素齐站,,,,,,,,,,,,,,,,,,,,,,,,,,,,,,,,,,,,,,,,,,,,一碗泉站,,,,,,,,,,,,,,,,,,,,,,,,,,,,,,
,,,,,,,,,,,,,,,,,,,,,,,,,,,,,,,,,,,,,,,,,,,,,,,,,,,,,,,,宋拉站,,,,,,,,,,,,,,,,,,,,,,,,,,,,,,,,,,,,,,,,,,,,干塘站,,,,,,,,,,,,,,,,,,,,,,,,,,,,,,
,,,,,,,,,,,,,,,,,,,,,,,,,,,,,,,,,,,,,,,,,,,,,,,,,,,,,,,,陶思浩站,,,,,,,,,,,,,,,,,,,,,,,,,,,,,,,,,,,,,,,,,,,,小红山站,,,,,,,,,,,,,,,,,,,,,,,,,,,,,,
,,,,,,,,,,,,,,,,,,,,,,,,,,,,,,,,,,,,,,,,,,,,,,,,,,,,,,,,三八树站,,,,,,,,,,,,,,,,,,,,,,,,,,,,,,,,,,,,,,,,,,,,营盘水站,,,,,,,,,,,,,,,,,,,,,,,,,,,,,,
,,,,,,,,,,,,,,,,,,,,,,,,,,,,,,,,,,,,,,,,,,,,,,,,,,,,,,,,美岱召站,,,,,,,,,,,,,,,,,,,,,,,,,,,,,,,,,,,,,,,,,,,,大格达站,,,,,,,,,,,,,,,,,,,,,,,,,,,,,,
,,,,,,,,,,,,,,,,,,,,,,,,,,,,,,,,,,,,,,,,,,,,,,,,,,,,,,,,老藏站,,,,,,,,,,,,,,,,,,,,,,,,,,,,,,,,,,,,,,,,,,,,白墩子站,,,,,,,,,,,,,,,,,,,,,,,,,,,,,,
,,,,,,,,,,,,,,,,,,,,,,,,,,,,,,,,,,,,,,,,,,,,,,,,,,,,,,,,萨拉齐站,,,,,,,,,,,,,,,,,,,,,,,,,,,,,,,,,,,,,,,,,,,,长城站,,,,,,,,,,,,,,,,,,,,,,,,,,,,,,
,,,,,,,,,,,,,,,,,,,,,,,,,,,,,,,,,,,,,,,,,,,,,,,,,,,,,,,,公积坂站,,,,,,,,,,,,,,,,,,,,,,,,,,,,,,,,,,,,,,,,,,,,景泰站,,,,,,,,,,,,,,,,,,,,,,,,,,,,,,
,,,,,,,,,,,,,,,,,,,,,,,,,,,,,,,,,,,,,,,,,,,,,,,,,,,,,,,,东兴站,,,,,,,,,,,,,,,,,,,,,,,,,,,,,,,,,,,,,,,,,,,,兴泉堡站,,,,,,,,,,,,,,,,,,,,,,,,,,,,,,
,,,,,,,,,,,,,,,,,,,,,,,,,,,,,,,,,,,,,,,,,,,,,,,,,,,,,,,,古城湾站,,,,,,,,,,,,,,,,,,,,,,,,,,,,,,,,,,,,,,,,,,,,喜集水站,,,,,,,,,,,,,,,,,,,,,,,,,,,,,,
,,,,,,,,,,,,,,,,,,,,,,,,,,,,,,,,,,,,,,,,,,,,,,,,,,,,,,,,包头东站,,,,,,,,,,,,,,,,,,,,,,,,,,,,,,,,,,,,,,,,,,,,黄崖站,,,,,,,,,,,,,,,,,,,,,,,,,,,,,,
,,,,,,,,,,,,,,,,,,,,,,,,,,,,,,,,,,,,,,,,,,,,,,,,,,,,,,,,万水泉站,,,,,,,,,,,,,,,,,,,,,,,,,,,,,,,,,,,,,,,,,,,,赵家水站,,,,,,,,,,,,,,,,,,,,,,,,,,,,,,
,,,,,,,,,,,,,,,,,,,,,,,,,,,,,,,,,,,,,,,,,,,,,,,,,,,,,,,,包头站,,,,,,,,,,,,,,,,,,,,,,,,,,,,,,,,,,,,,,,,,,,,狼抱水站,,,,,,,,,,,,,,,,,,,,,,,,,,,,,,
,,,,,,,,,,,,,,,,,,,,,,,,,,,,,,,,,,,,,,,,,,,,,,,,,,,,,,,,@@,,,,,,,,,,,,,,,,,,,,,,,,,,,,,,,,,,,,,,,,,,,,红岘台站,,,,,,,,,,,,,,,,,,,,,,,,,,,,,,
,,,,,,,,,,,,,,,,,,,,,,,,,,,,,,,,,,,,,,,,,,,,,,,,,,,,,,,,青龙桥西站,,,,,,,,,,,,,,,,,,,,,,,,,,,,,,,,,,,,,,,,,,,,吴家窑站,,,,,,,,,,,,,,,,,,,,,,,,,,,,,,
,,,,,,,,,,,,,,,,,,,,,,,,,,,,,,,,,,,,,,,,,,,,,,,,,,,,,,,,八达岭站,,,,,,,,,,,,,,,,,,,,,,,,,,,,,,,,,,,,,,,,,,,,窦家沟站,,,,,,,,,,,,,,,,,,,,,,,,,,,,,,
,,,,,,,,,,,,,,,,,,,,,,,,,,,,,,,,,,,,,,,,,,,,,,,,,,,,,,,,@@,,,,,,,,,,,,,,,,,,,,,,,,,,,,,,,,,,,,,,,,,,,,红砂岘站,,,,,,,,,,,,,,,,,,,,,,,,,,,,,,
,,,,,,,,,,,,,,,,,,,,,,,,,,,,,,,,,,,,,,,,,,,,,,,,,,,,,,,,张家口南站,,,,,,,,,,,,,,,,,,,,,,,,,,,,,,,,,,,,,,,,,,,,白银西站,,,,,,,,,,,,,,,,,,,,,,,,,,,,,,
,,,,,,,,,,,,,,,,,,,,,,,,,,,,,,,,,,,,,,,,,,,,,,,,,,,,,,,,张家口站,,,,,,,,,,,,,,,,,,,,,,,,,,,,,,,,,,,,,,,,,,,,朱家窑站,,,,,,,,,,,,,,,,,,,,,,,,,,,,,,
,,,,,,,,,,,,,,,,,,,,,,,,,,,,,,,,,,,,,,,,,,,,,,,,,,,,,,,,@@,,,,,,,,,,,,,,,,,,,,,,,,,,,,,,,,,,,,,,,,,,,,丰水村站,,,,,,,,,,,,,,,,,,,,,,,,,,,,,,
,,,,,,,,,,,,,,,,,,,,,,,,,,,,,,,,,,,,,,,,,,,,,,,,,,,,,,,,三堡站,,,,,,,,,,,,,,,,,,,,,,,,,,,,,,,,,,,,,,,,,,,,土龙川站,,,,,,,,,,,,,,,,,,,,,,,,,,,,,,
,,,,,,,,,,,,,,,,,,,,,,,,,,,,,,,,,,,,,,,,,,,,,,,,,,,,,,,,青龙桥站,,,,,,,,,,,,,,,,,,,,,,,,,,,,,,,,,,,,,,,,,,,,皋兰站,,,,,,,,,,,,,,,,,,,,,,,,,,,,,,
,,,,,,,,,,,,,,,,,,,,,,,,,,,,,,,,,,,,,,,,,,,,,,,,,,,,,,,,,,,,,,,,,,,,,,,,,,,,,,,,,,,,,,,,,,,,,,,,,,,,红圈沟站,,,,,,,,,,,,,,,,,,,,,,,,,,,,,,
,,,,,,,,,,,,,,,,,,,,,,,,,,,,,,,,,,,,,,,,,,,,,,,,,,,,,,,,,,,,,,,,,,,,,,,,,,,,,,,,,,,,,,,,,,,,,,,,,,,,前长川站,,,,,,,,,,,,,,,,,,,,,,,,,,,,,,
,,,,,,,,,,,,,,,,,,,,,,,,,,,,,,,,,,,,,,,,,,,,,,,,,,,,,,,,,,,,,,,,,,,,,,,,,,,,,,,,,,,,,,,,,,,,,,,,,,,,邵家堂站,,,,,,,,,,,,,,,,,,,,,,,,,,,,,,
,,,,,,,,,,,,,,,,,,,,,,,,,,,,,,,,,,,,,,,,,,,,,,,,,,,,,,,,,,,,,,,,,,,,,,,,,,,,,,,,,,,,,,,,,,,,,,,,,,,,水源站,,,,,,,,,,,,,,,,,,,,,,,,,,,,,,
,,,,,,,,,,,,,,,,,,,,,,,,,,,,,,,,,,,,,,,,,,,,,,,,,,,,,,,,,,,,,,,,,,,,,,,,,,,,,,,,,,,,,,,,,,,,,,,,,,,,兰州东站,,,,,,,,,,,,,,,,,,,,,,,,,,,,,,
,,,,,,,,,,,,,,,,,,,,,,,,,,,,,,,,,,,,,,,,,,,,,,,,,,,,,,,,,,,,,,,,,,,,,,,,,,,,,,,,,,,,,,,,,,,,,,,,,,,,兰州站,,,,,,,,,,,,,,,,,,,,,,,,,,,,,,