影城名称,放映系统,开业时间,银幕宽度(米),银幕高度(米),座位数(个),备注
香港太空館,IMAX GT Dome,1980年10月7日,23,,270,全球第10家IMAX球幕影院，亞洲第1家IMAX球幕影院
香港MY CINEMA YOHO MALL,IMAX数码,2017年7月21日,20.14,11,409,-
香港英皇戲院（尖沙咀iSQUARE）,IMAX Commercial Laser ,2019年12月18日,20.94,11.8,458,12聲道音響系統
香港MCL Cinemas K11 Art House,IMAX Commercial Laser ,2021年3月6日,20.7,11.77,368,12聲道音響系統
香港UA @ K11 Art House,IMAX Commercial Laser ,2019年8月26日,20.7,11.77,368,12聲道音響系統
香港UnionPay IMAX @ UA MegaBox,IMAX数码,2017年7月11日,18,12.64,260,IMAX中国旗下第一家IMAX数码 12聲道音響系統影院
香港UnionPay IMAX @ UA Cine Moko,IMAX数码,2014年1月28日,16.33,9.26,268, (可播放IMAX HFR)
上海科技馆,IMAX GT 3D,2001年12月19日,24.32,18.31,441,"科教影院
全球第74家IMAX影院
中國大陸地區第1家IMAX影院"
上海科技館,IMAX GT Dome,2001年12月19日,23,,280,"科教影院
全球第74家IMAX影院
IMAX中國第1家IMAX球幕影院"
上海和平影都,IMAX数字,2014年8月13日,19.9,16,358,中國大陸地區第2家IMAX影院
上海星美国际影城(正大店) ,IMAX数字,2016年12月24日,24.38,13.88,453,-
上海万达影城(五角场万达广场店) ,IMAX数字,2015年12月13日,22.81,12.048,347,-
上海万达影城(江桥万达广场店) ,IMAX数字,2017年9月8日,23.21,11.957,378,-
上海万达影城(周浦万达广场店) ,IMAX数字,2017年9月7日,20.75,10.8,257,-
上海金逸影城(龙之梦IMAX店) ,IMAX数字,2012年12月22日,16.51,8.41,246,-
上海百丽宫影城(环贸iapm店) ,IMAX数字,2013年8月5日,16.1,9.52,217,-
上海万达影城(松江万达广场店) ,IMAX数字,2014年5月30日,22.17,12.1,395,-
上海SFC上影影城(港汇永华IMAX店) ,IMAX数字,2014年12月18日,15.24,7.85,298,-
上海万达影城(金山万达广场店) ,IMAX数字,2015年7月17日,21.4,11.56,375,-
上海英皇UA电影城(虹桥天地店) ,IMAX数字,2015年9月23日,21.8,11.8,207,-
上海万达影城(颛桥龙盛广场店) ,IMAX数字,2015年12月25日,19.8,10.9,372,-
上海横店电影城(奉贤店) ,IMAX数字,2015年12月31日,19.1,10.8,273,-
上海上影虹桥临空国际影城 ,IMAX数字,2016年1月9日,16.74,9.35,240,-
上海海上明珠国际影城(大宁店) ,IMAX数字,2016年5月28日,20.2,10.91,340,-
上海SFC上影影城(天山缤谷IMAX店) ,IMAX数字,2016年8月3日,18.46,9.81,192,-
上海CGV影城(七宝店) ,IMAX数字,2016年11月1日,19.32,10.29,214,-
上海星轶IMAX影城（九亭U天地旗舰店）,IMAX数字,2016年12月23日,19.57,11.39,263,-
上海SFC上影百联影城(八佰伴IMAX店) ,IMAX数字,2016年12月30日,14.27,7.29,305,-
上海SFC上影影城(绿地缤纷城IMAX店) ,IMAX数字,2017年1月19日,18.72,10.783,224,-
上海SFC上影影城(金桥太茂IMAX店) ,IMAX数字,2017年4月14日,21.68,12.479,330,-
上海SFC上影百联影城(川沙IMAX店) ,IMAX数字,2017年6月8日,19.55,11.38,180,-
上海幸福蓝海国际影城(龙湖宝山天街IMAX店) ,IMAX数字,2017年12月16日,25.44,13.23,288, IMAX中國第二家IMAX数字 12聲道音響系統影院
上海CGV影城(白玉兰广场店) ,IMAX数字,2018年2月9日,23.78,12.56,216,-
上海寰映影城（大融城店）,IMAX Commercial Laser ,2018年6月29日,25.88,13.46,300,12聲道音響系統
上海博悦汇影城(外滩IMAX店),IMAX数字,2018年7月25日,14.8,8.4,224,-
上海百丽宫影城（LCM置汇旭辉广场店）,IMAX数字,2018年9月22日,20.58,10.98,308,-
上海万达影城（宝山万达广场店）,IMAX Commercial Laser ,2019年1月4日,20.05,10.48,229,12聲道音響系統
上海万达影城(青浦万达茂店) ,IMAX数字,2019年6月22日,25.76,13.68,229,-
上海幸福蓝海国际影城(香溢花城IMAX店) ,IMAX数字,2019年12月27日,17.36,8.84,247,-
上海万达影城(浦江万达广场店),IMAX数字,2019年12月31日,20.76,10.78,271,-
上海幸福蓝海国际影城(招商花园城IMAX店) ,IMAX数字,2020年7月24日,21.68,11.4,274, -
上海万达影城(宝乐汇店),IMAX数字,2020年8月18日,19.83,10.27,218,上海星美国际影城(宝山店)的经营时间为从2016年10月12日开业一直到倒闭被万达集团收购
上海万达影城(崇明万达广场店),IMAX数字,2020年11月27日,22.13,11.79,356,-
上海万达影城(马桥万达广场店),IMAX数字,2020年12月23日,20.89,11.24,268,银幕型号:HARKNESS IMAX Coating 3.1 Peak Gain
上海寰映影城（瑞虹天地太阳宫店）,IMAX Commercial Laser ,预计2021年8月,-,-,-,-
上海百丽宫影城（One East博荟广场店）,IMAX Commercial Laser ,预计2021年,-,-,-,-
上海万达影城(五角场万达广场店) ,IMAX数字,2015年12月13日,22.81,12.048,347,12聲道音響系統
上海SFC上影影城(港汇永华IMAX店) ,IMAX Commercial Laser ,2014年12月18日,15.24,7.85,298,聲道音響系統
哈尔滨黑龍江省科學技術館,IMAX SR Dome,2003年8月8日,23,-,300,-
哈尔滨万达影城(香坊万达广场店) ,IMAX数字,2011年11月8日,20.21,10.79,338,-
哈尔滨万达影城(悦荟广场店) ,IMAX数字,2011年11月19日,  ,  ,425,-
哈尔滨CGV影城(会展中心店) ,IMAX数字,2016年2月3日,  ,,488,-
哈尔滨万达影城(群力财富广场店) ,IMAX数字,2017年6月23日,  ,  ,298,-
哈尔滨万达影城(万达文化旅游城店) ,IMAX数字,2017年6月30日,20,11,368,-
哈尔滨万达影城(松雷广场店) ,IMAX数字,2017年9月15日,18.52,9.67,191,-
哈尔滨万达影城(五常金街时代广场店) ,IMAX数字,2019年1月23日,  ,   ,361,-
哈尔滨万象影城（万象汇IMAX激光店）,IMAX Commercial Laser ,2019年8月18日,  ,  ,485,5.1聲道音響系統
哈尔滨万达影城(哈西万达广场店) ,IMAX Commercial Laser ,2019年8月25日,20.54,11.49,404,12聲道音響系統
哈尔滨博纳国际影城（银泰城店）,IMAX数字,2020年7月26日,22.74,11.79,388,-
哈尔滨万达影城（永泰城店）(原哈尔滨泰莱时代影城）,IMAX GT Laser,2021年2月23日,28.65,21.3,539,12聲道音響系統
哈尔滨金逸影城（滨才·憬荟店）,IMAX数字,待定,21.5,11.6,391,-
台北美麗華大直影城,IMAX GT Laser,2016年3月24日,28.8,21.15,404,12聲道音響系統
基隆國立海洋科技博物館,IMAX GT,2013年1月31日,28.4,22,300,"科教影院
位於基隆市中正區北寧路369巷61號"
高雄大遠百威秀影城,IMAX數位,2010年4月29日,15.88,8.16,279,-
台中老虎城威秀影城,IMAX數位,2011年11月25日,15.39,8.56,307,-
台中大遠百威秀影城,IMAX數位,2011年12月30日,18.25,9.35,391,-
新北板橋大遠百威秀影城,IMAX數位,2012年1月5日,21.33,11.46,404,-
新竹巨城威秀影城,IMAX數位,2012年4月28日,17.76,9.69,260,-
台南南紡威秀影城,IMAX數位,2015年1月28日,21.8,12.2,390,-
桃園美麗新台茂影城,IMAX數位,2016年12月29日,17.76,9.75,329,-
花蓮新天堂樂園威秀影城,IMAX Commercial Laser ,2018年12月29日,21.33,12.03,368,"12聲道音響系統
商业影院同时兼具科教影院"
嘉義In89豪華影城,IMAX數位,待定,-,-,-,-
南京科技館,IMAX SR Dome,2005年10月28日,21,-,234,-
南京万达影城(建邺万达广场店) ,IMAX数字,2011年7月,  ,  ,367,-
南京新街口国际影城(德基广场IMAX店),IMAX数字,2016年12月20日,22.81,12.048,398,-
南京万达影城(江宁万达广场店) ,IMAX数字,2013年12月21日,   ,  ,372,-
南京金逸影城IMAX(光美江宁店) ,IMAX数字,2014年11月12日,24.6,12.47,471,-
南京幸福蓝海国际影城(常发IMAX店) ,IMAX数字,2016年9月30日,21.9,11.75,370,-
南京海上明珠国际影城(雨花客厅店) ,IMAX数字,2017年9月19日,23.71,12.25,427,-
南京卢米埃影城(弘阳广场) ,IMAX数字,2018年5月10日,22.75,11.8,311,-
南京万达影城(仙林万达茂店) ,IMAX数字,2018年6月1日,22.85,11.76,345,-
南京万达影城(六合欢乐港店) ,IMAX数字,2018年11月10日,18.85,10.65,243,-
南京幸福蓝海国际影城(燕子矶招商花园城IMAX店) ,IMAX数字,2018年11月30日,21.84,11.41,350,-
南京幸福蓝海国际影城(溧水IMAX店) ,IMAX数字,2018年12月30日,20.49,10.77,330,-
南京金逸影城(溧水时代广场IMAX店) ,IMAX数字,2019年2月5日,22.08,11.64,351,-
南京CGV影城(华采天地店) ,IMAX数字,2019年5月18日,21.3,11.05,236,-
南京幸福蓝海国际影城(IMAX激光环宇城店),IMAX Commercial Laser ,2020年8月15日,21.92,11.45,383,12聲道音響系統
南京博纳国际影城(江北IMAX店) ,IMAX数字,2020年9月19日,18.97,10.3,241,银幕型号:HARKNESS IMAX Coating 3.1 Peak Gain
南京星轶影城（雨花吾悦广场店）,IMAX数字,2020年11月27日,19.99,10,394,-
南京万达影城(浦口白马店) ,IMAX数字,2021年1月30日,17.53,9.36,214,银幕型号:HARKNESS IMAX Coating 3.1 Peak Gain
南京卢米埃影城(龙蟠汇IMAX店) ,IMAX数字,2021年1月30日,21.39,11.15,338,-
南京幸福蓝海国际影城(证大喜马拉雅IMAX店),IMAX数字,待定,-,-,-,-
南京幸福蓝海国际影城(江北虹悦城IMAX店),IMAX数字,待定,-,-,-,-
东莞市科學技術博物館,IMAX GT Dome,2006年1月29日,23,-,300,-
东莞万达影城（华南MALL店）,IMAX GT Laser,2021年1月26日,32.06,19.51,503,"12聲道音響系統
中國大陸地區第5家IMAX影院"
东莞万达影城(长安万达广场店) ,IMAX数字,2018年10月31日,24.85,12.47,407,-
东莞万达影城(东城万达广场店) ,IMAX数字,2018年10月30日,19.3,10.9,322,-
东莞越界思哲影城 ,IMAX数字,2015年1月23日,20.5,11.4,318,-
东莞万达影城(厚街万达广场店) ,IMAX数字,2015年11月6日,22.3,12.7,341,-
东莞万达影城(虎门万达广场店) ,IMAX数字,2016年12月16日,20.7,11.6,354,-
东莞CGV影城(国贸店) ,IMAX数字,2018年12月18日,  ,  ,356,-
重庆市少年宮影院,IMAX SR Dome,2007年6月1日,18,-,175,-
重庆科技馆,IMAX SR,2009年9月10日,21.97,16,270,科教影院（不定时放映胶片IMAX科普影片）
重庆金逸影城(星光时代店) ,IMAX数字,2021年3月16日,22.49,12.25,332,银幕型号:HARKNESS IMAX Coating 3.1 Peak Gain
重庆万达影城(大渡口新天泽店) ,IMAX数字,2020年11月28日,  ,  ,243,-
重庆百丽宫影城(万象城店) ,IMAX数字,2014年12月2日,23.74,12.64,456,-
重庆越界影城(大学城店) ,IMAX数字,2015年1月17日,22.94,11.93,445,-
重庆万达影城(巴南万达广场店) ,IMAX数字,2015年10月30日,23.57,12.5,374,-
重庆万达影城(大融城店) ,IMAX数字,2016年8月12日,15.46,7.81,217,-
重庆万达影城(永川万达广场店) ,IMAX数字,2016年9月16日,21.19,11.26,396,-
重庆万达影城(大坪店) ,IMAX数字,2016年11月4日,   ,   ,288,-
重庆CGV影城(源著店) ,IMAX数字,2017年6月16日,22.29,11.85,275,-
重庆万达影城(北碚万达广场店) ,IMAX数字,2017年8月25日,20.76,10.8,355,-
重庆CGV影城(U城店) ,IMAX数字,2017年9月15日,24.57,13,334,-
重庆万达影城(綦江万达广场店) ,IMAX数字,2017年10月27日,   ,   ,396,-
重庆万象影城（弹子石IMAX店）,IMAX Commercial Laser ,2018年9月15日,24.52,12.9,294,5.1聲道音響系統
重庆万达影城(大竹林店) ,IMAX数字,2018年12月30日,   ,   ,297,-
重庆万达影城(华茂中心店) ,IMAX数字,2019年2月1日,22.75,11.83,340,-
重庆金逸影城(蘭亭IMAX店) ,IMAX数字,2019年4月23日,22.18,11.7,342,-
重庆万达影城(涪陵万达广场店) ,IMAX数字,2019年7月19日,-,-,315,-
重庆CGV影城(来福士旗舰店),IMAX数字,2019年9月6日,20.33,10.73,283, -
重庆新幕影城（解放碑八一广场店）,IMAX数字,2021年1月15日,23.76,12.88,356,原重庆星美国际影商城(解放碑店) 
重庆越界影城(汽博中心店) ,IMAX数字,2015年12月8日,21.77,11.47,410,-
重庆越界影城(江北嘴店) ,IMAX数字,2016年1月1日,20.16,10.68,329,-
重庆越界影城(石桥铺店) 永久关闭,IMAX数字,2015年11月13日,23.85,12.44,528,2021年1月10日闭店
重庆CGV影城(观音桥店) 永久关闭,IMAX数字,2017年6月23日,  ,   ,326,2021年2月28日闭店
大慶市科學技術館,IMAX SR Dome,2010年1月15日,18,-,120,-
大庆万达影城(萨尔图万达广场店) ,IMAX数字,2011年11月25日,  ,  ,288,-
大庆幸福蓝海影城(松雷广场店) ,IMAX数字,2013年12月21日,  ,  ,407,-
大庆万达影城(让胡路万达广场店) ,IMAX数字,2019年7月19日,-,-,-,-
北京中国科技馆,IMAX GT,2009年10月1日,29.58,21.93,632,"科教影院
（无胶片IMAX片源时则播放普通数字商业/科普影片）"
北京中國科技館,IMAX GT Dome,2010年2月2日,30,-,442,-
北京中国民航博物馆,IMAX SR,2012年12月20日,21.33,16.06,300,"科教影院
（建成之后至今未开放）"
北京UME国际影城(华星店) ,IMAX数字,2015年8月4日,23.91,13.84,411,中國大陸地區第4家IMAX影院
北京万达影城(CBD万达广场店) ,IMAX数字,2011年1月11日,16.86,8.39,328,-
北京万达影城(天通苑龙德广场店) ,IMAX数字,2012年7月27日,  ,  ,267,-
北京金逸影城(朝阳大悦城店) ,IMAX数字,2012年12月20日,   ,  ,298,-
北京万达影城（通州万达广场店）,IMAX数字,2014年11月29日,20.9,11.7,424,-
北京金逸影城(荟聚IMAX店) ,IMAX数字,2014年12月19日,23.9,12.22,445,-
北京博纳国际影城(朝阳门旗舰店) ,IMAX数字,2014年12月16日,15.86,8.22,232,-
北京华谊兄弟影院(洋桥店) ,IMAX数字,2015年8月15日,19.84,10.68,321,-
北京卢米埃影城(龙湖店) ,IMAX数字,2015年10月12日,23.65,13.04,410,-
北京SFC上影影城(大兴龙湖店) ,IMAX数字,2016年7月1日,21.75,12.21,392,-
北京恒业国际影城(六里桥店) ,IMAX数字,2016年12月16日,16.37,8.6,262,-
北京万达影城(槐房万达广场店) ,IMAX数字,2016年12月22日,20.43,10.83,395,-
北京金泉港国际影城 ,IMAX数字,2017年7月1日,23.66,12.55,428,-
北京博纳国际影城(密云店) ,IMAX数字,2017年12月8日,  ,,294,-
北京万达影城(西铁营万达广场店) ,IMAX数字,2017年12月22日,21.39,11.25,323,-
北京万达影城(怀柔万达广场店) ,IMAX数字,2017年12月29日,21.47,11.2,339,-
北京万达影城（房山首创奥莱店）,IMAX Commercial Laser ,2019年5月1日,22.85,11.76,326,12聲道音響系統 
北京英皇电影城(英皇中心店) ,IMAX Commercial Laser ,2019年6月28日,22.19,11.76,354,12聲道音響系統
北京博纳影城(门头沟长安天街IMAX店),IMAX数字,2019年11月15日,,,283,-
"北京CGV影城（清河店）	",IMAX Commercial Laser ,2020年7月24日,16.48,8.31,221,12聲道音響系統
北京中国电影博物馆,IMAX GT Laser,2020年10月31日,30.17,19.507,340,"中國大陸地區第3家IMAX影院
科教影院同时兼具商业影院
12聲道音響系統"
北京博纳国际影城(大郊亭IMAX店),IMAX Commercial Laser,2020年12月17日,20.92,10.9,321,12聲道音響系統
北京万达影城（石景山万达广场店）,IMAX Commercial Laser ,2020年12月18日,23.22,12.68,394,"12聲道音響系統 
中國大陸地區第9家IMAX影院"
北京速铂影城(路劲IMAX店),IMAX数字,2020年12月24日,21.6,11.25,274,-
北京锐得影城,IMAX数字,待定,,,,-
北京卢米埃影院(奥森天地店),IMAX数字,待定,,,,-
北京万达影城（通州万达广场店）,IMAX数字,2014年11月29日,20.9,11.7,424,12聲道音響系統
北京UME国际影城（华星店）,IMAX数字,2015年8月4日,23.91,13.84,411,"12聲道音響系統 
中國大陸地區第4家IMAX影院"
北京万达影城（CBD万达广场店）,IMAX数字,2011年1月11日,16.86,8.39,328,12聲道音響系統
北京环球城市大道电影院,IMAX Commercial Laser ,待定,25.8,14.76,,12聲道音響系統 银幕型号:HARKNESS IMAX Coating 3.1 Peak Gain
北京金逸影城 项目待定,IMAX Commercial Laser ,待定,,,,12聲道音響系統
北京CGV影城（颐堤港二期店）,IMAX GT Laser,待定,,,,12聲道音響系統
广州广东科学中心,IMAX GT,2008年9月27日,28.98,22,610,科教影院 （不定时放映胶片IMAX科普影片）
广州万达影城(白云万达广场店) ,IMAX数字,2010年12月17日,22.81,11.728,388,-
广州UA花城汇影城 ,IMAX数字,2013年1月20日,  ,  ,290,-
广州泛洋国际影城,IMAX数字,2014年5月1日,  ,  ,435,-
广州万达影城(增城万达广场店) ,IMAX数字,2019年8月9日 ,20.89,10.8,314,-
广州万达影城(番禺万达广场店) ,IMAX数字,2019年8月7日,23.66,11.9,360,-
广州万达影城(萝岗万达广场店) ,IMAX数字,2015年7月17日,-,-,379,-
广州万达影城(南沙万达广场店) ,IMAX数字,2015年12月22日,   ,  ,387,-
广州金逸影城(海珠城IMAX店) ,IMAX数字,2016年2月6日,  ,  ,327,-
广州飞扬影城(正佳广场店) ,IMAX数字,2016年6月8日,  ,  ,411,-
广州百丽宫影城(猎德店) ,IMAX数字,2016年10月28日,  ,  ,394,-
广州金逸影城(太阳城店) ,IMAX数字,2016年10月29日,15.28,7.8,303,-
广州金逸影城IMAX(光美番禺沙湾店) ,IMAX数字,2016年12月9日,22.72,12,428,中國大陸地區第400家IMAX影院
广州万达影城(万胜广场店) ,IMAX数字,2017年1月1日,23.77,12.5,427,-
广州卢米埃影城(合生店) ,IMAX数字,2017年3月24日,  ,  ,248,-
广州金逸影城IMAX(光美番禺大石店) ,IMAX数字,2017年4月14日,22.16,11.7,394,-
广州万达影城(亚运城广场店) ,IMAX数字,2017年12月30日,22.28,11.63,421,-
广州飞扬影城IMAX(北京路店) ,IMAX数字,2018年5月18日,  ,  ,376,-
广州万达影城(新塘万达广场店) ,IMAX数字,2018年12月28日,21.92,11.44,365,-
广州金逸影城(百信西区IMAX店) ,IMAX数字,2018年12月30日,21.86,11.35,417,-
广州金逸影城(花地IMAX店) ,IMAX数字,2019年2月2月 ,19.7,10.26,240,-
广州万达影城(天河万科广场店) ,IMAX数字,2019年2月5日,22.74,11.92,251,-
广州美亚影城（云门店）,IMAX Commercial Laser ,2019年2月15日,23.55,12.31,349,12聲道音響系統
广州万达影城（花都融創茂店）,IMAX数字,2019年6月15日,20.44,10.56,312,-
广州飞扬影城（乐峰店）,IMAX Commercial Laser ,2019年12月13日,,,372,12聲道音響系統
广州中影南方影城（IMAX科韵路店）,IMAX数字,2020年8月18日,-,-,422,-
广州万达影城（南岗万达广场店）,IMAX数字,2020年9月30日,19.84,10.58,391,-
广州金逸影城IMAX（三喜居然之家店）,IMAX数字,2020年12月25日,19.65,9.74,271,-
广州CGV影城（悦汇城）,IMAX数字,2020年12月30日,17.48,8.98,150,-
广州金逸影城（番禺渔人码头店）,IMAX数字,待定,-,-,-,-
广州金逸影城（番禺星海城店）,IMAX数字,待定,-,-,-,-
沈阳辽宁科技馆,IMAX GT Laser,2016年3月12日 ,28.98,22,596,"12聲道音響系統
科教影院
现放映IMAX激光版本科普影片"
沈阳万达影城(铁西万达广场店) ,IMAX数字,2011年11月8日,22.24,11.572,401,-
沈阳金逸影城(龙之梦店) ,IMAX数字,2012年4月30日,    ,  ,498,-
沈阳万达影城(北一路万达广场店) ,IMAX数字,2012年8月31日,  ,   ,443,-
沈阳CGV影城(金融中心店) ,IMAX数字,2013年8月28日,  ,  ,421,-
沈阳万达影城(奥体万达广场店) ,IMAX Commercial Laser ,2019年8月16日,22.19,11.61,405,12聲道音響系統
昆明大都LCC光魔激光影院,IMAX GT Laser,2016年6月8日,23.1,17.37,363,12聲道音響系統
昆明百老汇影城(顺城购物中心店) ,IMAX数字,2010年1月4日,21.22,11.05,294,-
昆明万达影城(同德广场店) ,IMAX数字,2014年10月18日,20.75,11.93,263,-
昆明CGV影城(海伦店) ,IMAX数字,2015年12月18日,19.95,10.65,292,-
昆明CGV影城(呈贡店) ,IMAX数字,2016年6月18日,   ,  ,368,-
昆明上影影城(西城IMAX店),IMAX数字,2017年10月1日,  ,  ,388,-
昆明万达影城(西山万达广场店) ,IMAX Commercial Laser ,2019年8月23日,22.13,11.66,352,12聲道音響系統
昆明万达影城（新迎新城店）,IMAX数字,2019年10月18日,20.54,10.79,226,-
昆明万达影城（南亚风情店）,IMAX数字,2019年11月9日,17.33,8.95,291,-
西双版纳万达影城(万达广场店) ,IMAX数字,2015年9月26日,16.93,9.655,238,-
大理博纳国际影城 ,IMAX数字,2017年10月1日,20.13,10.45,321,-
曲靖万达影城(经开万达广场店) ,IMAX数字,2017年10月27日,20.86,10.81,408,-
武汉万达影城(经开万达广场店) ,IMAX数字,2011年8月27日,18.2,10.05,259,-
武汉金逸影城(销品茂IMAX店) ,IMAX数字,2012年12月20日,16.59,9.1,304,-
武汉万达影城(菱角湖万达广场店) ,IMAX数字,2013年3月31日,19.5,10.77,316,-
武汉万达影城(汉街万达广场店) ,IMAX数字,2013年9月28日,19.85,11.06,331,-
武汉CGV影城(奥山店) ,IMAX数字,2013年11月16日,22.91,13.04,418,-
武汉百老汇影城(汉阳人信汇店) ,IMAX数字,2014年5月1日,21.31,12.1,350,-
武汉CGV影城(光谷店) ,IMAX数字,2014年9月29日,20.46,11.43,328,-
武汉金逸影城IMAX(光美荟聚店) ,IMAX数字,2015年4月30日,19.52,10.39,278,-
武汉华谊兄弟影院(光谷店) ,IMAX数字,2015年7月11日,19.83,10.07,417,-
武汉博纳国际影城(银泰店) ,IMAX数字,2016年2月8日,23.1,12.12,377,-
武汉CGV影城(凯德西城店) ,IMAX数字,2017年4月28日,20.7,11.685,269,-
武汉金逸影城(蔡甸IMAX店) ,IMAX数字,2017年10月1日,20.06,10.4,275,-
武汉CGV影城(永旺金桥店) ,IMAX数字,2017年12月7日,24.03,12.4,392,-
武汉CGV影城(汉阳江腾广场店) ,IMAX数字,2017年12月22日,20.02,10.48,239,-
 武汉UA新民众乐园电影城,IMAX数字,2018年11月9日,19.07,9.98,291,"原武汉环艺新民众乐园电影城)
中國大陸地區第6家IMAX影院"
武汉武商摩尔国际电影城（国广店）,IMAX Commercial Laser ,2019年12月22日,21.34,11.1,294,12聲道音響系統
襄阳万达影城(万达广场店),IMAX数字,2011年11月8日,-,-,333,-
襄阳华夏东宝影城（襄悦城店）,IMAX GT Laser,待定,,,   ,12聲道音響系統
宜昌万达影城(万达广场店),IMAX数字,2011年11月8日,-,-,318,-
宜昌CGV影城(国贸大厦店) ,IMAX数字,2019年1月3日,20.86,10.99,264,-
宜昌万达影城(夷陵万达广场店),IMAX数字,2020年12月18日,18.74,9.72,307,-
荆州万达影城(万达广场店) ,IMAX数字,2014年9月20日,,  ,411,-
黄石万达影城(万达广场店) ,IMAX数字,2015年7月3日,   ,  ,387,-
荆门万达影城(万达广场店) ,IMAX数字,2016年6月3日,   ,  ,397,-
十堰万达影城(万达广场店) ,IMAX数字,2016年8月5日,22.61,11.94,352,-
孝感金逸影城(汉川IMAX店) ,IMAX数字,2017年1月21日,19.99,10.64,239,-
黄冈万达影城(万达广场店) ,IMAX数字,2018年6月22日,  ,  ,372,-
仙桃金逸影城(环球中心IMAX店) ,IMAX数字,2020年8月20日,21.92,11.55,312,-
深圳UA KK Mall影城 ,IMAX数字,2016年1月9日,21.64,11.61,327,-
深圳中影国际影城(欢乐海岸店) ,IMAX数字,2011年12月23日,  ,  ,326,-
深圳万达影城(海雅广场店) ,IMAX数字,2017年9月27日,17.87,9.089,302,-
深圳橙天嘉禾影城(观澜湖店) ,IMAX数字,2016年1月15日,22.78,11.93,374,-
深圳卢米埃影城(九方店) ,IMAX数字,2016年1月22日,19.73,10.52,288,-
深圳星美国际影商城(京基店) ,IMAX数字,2016年8月6日,21.08,11.16,325,-
深圳橙天嘉禾影城(卓悦汇店),IMAX数字,2016年8月30日,24.44,12.89,500,-
深圳百川影城(新沙天虹店),IMAX数字,2016年12月22日,  ,  ,294,-
深圳卢米埃影城(汇港店) ,IMAX数字,2017年1月1日,22.78,11.86,331,-
深圳CGV影城(壹方城店) ,IMAX数字,2017年9月27日,  ,  ,324,-
深圳百老汇电影中心(IMAX万象天地店) ,IMAX数字,2017年10月,  ,  ,398,-
深圳博纳国际影城(海航城IMAX店) ,IMAX数字,2018年2月3日,23.07,11.74,473,-
深圳中影晴瑞国际影城 ,IMAX数字,2018年2月6日,   ,,380,-
深圳英皇UA电影城(深业上城店) ,IMAX数字,2018年2月8日,  ,  ,387,-
深圳万象影城(布吉万象汇店) ,IMAX数字,2018年4月26日,22.74,11.7,325,-
深圳CINESKY新天影院IMAX ,IMAX数字,2018年8月19日,   ,,583,-
深圳星河寰宇IMAX影城（星河WORLD店） ,IMAX数字,2018年11月9日,18.31,9.65,293,-
深圳萬達影城（壹海城·ONE MALL店）,IMAX数字,2019年2月3日,20.12,10.42,269,-
深圳CGV影城(One Avenue卓悦中心店),IMAX Commercial Laser ,2019年9月18日,22.85,11.76,368,12聲道音響系統
深圳金逸影城（光明大仟里IMAX店）,IMAX数字,2019年12月1日,,,341,-
深圳万象影城（天安数码城激光IMAX店) ,IMAX Commercial Laser ,2020年1月1日,,,,5.1聲道音響系統
深圳英皇电影城（平安金融中心店) ,IMAX Commercial Laser ,2020年7月24日,20.8,11,277,12聲道音響系統
深圳万达影城（勤诚达正大城店）,IMAX数字,2020年9月27日,20.44,10.62,286,-
深圳金逸影城（宝安大仟里店）,IMAX Commercial Laser ,2020年12月18日,22.74,11.8,341,-
深圳CGV影城(红山6979店),IMAX Commercial Laser ,2021年2月25日,22.24,11.572,308,12聲道音響系統
惠州佳兆业国际影城（原名惠州凯狮国际影城 ）,IMAX数字,2013年12月30日,  ,  ,555,-
惠州万达影城(大亚湾万达广场店) ,IMAX数字,2017年11月24日,  ,  ,391,-
惠州万达影城(金山湖店) ,IMAX数字,2020年12月18日,21.28,11.09,198,-
佛山金逸影城(鹏瑞利IMAX店) ,IMAX数字,2014年7月1日,  ,  ,332,-
佛山万达影城(南海万达广场店) ,IMAX数字,2019年8月10日,22.24,11.62,409,-
佛山CGV星星影城（星耀101店） ,IMAX数字,2015年9月23日,  ,  ,440,-
佛山中视国际影城(富弘广场店),IMAX数字,2015年12月18日,  ,  ,380,-
佛山万达影城(三水万达广场店) ,IMAX数字,2016年11月28日,21.22,11.27,352,-
佛山万达影城(越秀悦汇天地店) ,IMAX数字,2016年12月9日,18.49,9.98,229,-
佛山越界思哲影城(三水新动力店),IMAX数字,2017年3月3日,23.42,12.41,359,-
佛山CC影城(永旺IMAX店),IMAX数字,2018年1月12日,  ,  ,381,-
佛山金逸影城(顺德大信IMAX店),IMAX数字,2018年12月30日,25.96,13.65,428,-
佛山万达影城(顺德悦然广场店),IMAX数字,2020年10月1日,21.43,11.63,259,银幕型号:HARKNESS IMAX Coating 3.1 Peak Gain
佛山CGV影城(海骏达店),IMAX数字,2020年12月18日,21.82,11.48,-,-
中山CGV星星影城(兴中广场店) ,IMAX数字,2013年6月28日,20.97,10.862,348,-
中山金逸影城(远洋城IMAX店) ,IMAX数字,2017年1月22日,  ,   ,480,-
中山博纳国际影城(古镇店),IMAX数字,2017年10月20日,20.39,10.47,333,-
中山金逸影城(樱花里IMAX店),IMAX数字,2019年8月1日,25.18,13.36,385, -
中山CGV影城（百汇店）,IMAX数字,2019年9月24日,24.09,13.37,427, -
江门CGV影城(蓬江店) ,IMAX数字,2014年8月26日,  ,  ,269,-
江门万达影城(新会IMAX店) ,IMAX数字,2018年8月31日,-,-,350,-
湛江中影星美影城 ,IMAX数字,2014年12月20日,  ,  ,472,-
湛江万达影城(万达广场店),IMAX数字,2016年6月25日,   ,   ,332,-
湛江金逸影城IMAX(光美赤坎店) ,IMAX数字,2017年8月27日,  ,   ,317,-
珠海幸福蓝海国际影城 ,IMAX数字,2018年11月2日,19.65,9.74,255,-
珠海幸福蓝海国际影城 (华发店) ,IMAX数字,待定,-,-,-,-
汕头星城影院(正大卜蜂中心店),IMAX数字,2016年2月6日,18.4,10.21,328,-
汕头CGV影城(群光汇店),IMAX数字,2019年4月26日,21.21,11.17,243,-
汕头万达影院(金平万达广场店),IMAX数字,2020年8月9日,21.18,10.99,396,-
梅州万达影城(万达广场店) ,IMAX数字,2016年9月23日,20.4,   ,325,-
清远万达影城(清城万达广场店) ,IMAX数字,2016年12月29日,  ,  ,419,-
茂名万达影城(电白万达广场店),IMAX数字,2019年12月,21.07,11.15,361,-
茂名东汇国际影城,IMAX Commercial Laser ,2019年12月25日,,,343,12聲道音響系統
肇庆星轶影城(敏捷广场店),IMAX数字,2020年11月,22.24,11.57,361,-
淮安万达影城(万达广场店) ,IMAX数字,2011年11月8日,18.62,10.26,291,-
淮安万达影城(玖珑汇广场店) ,IMAX数字,2017年12月30日,   ,  ,311,-
泰州万达影城(万达广场店) ,IMAX数字,2011年12月9日,21.38,11.123,319,-
泰州星轶影城(泰兴吾悦广场IMAX店) ,IMAX数字,2018年11月23日,  ,  ,209,-
泰州金逸影城(姜堰店) ,IMAX数字,2020年12月23日,-,-,-,-
苏州苏艺影城(艺术中心店),IMAX数字,2010年6月12日,21.3,13.3,384,中國大陸地區第7家IMAX影院，同时也是IMAX科教影院
苏州幸福蓝海国际影城(石路IMAX店) ,IMAX数字,2017年10月11日,26.09,13.86,402,-
苏州金逸影城(亿象城店) ,IMAX数字,2012年4月27日,19.1,11.24,368,-
苏州万达影城(平江万达广场店) ,IMAX数字,2017年12月6日 ,  ,  ,342,-
苏州万达影城(吴中万达广场店) ,IMAX数字,2015年12月11日,22.52,11.79,376,-
苏州幸福蓝海国际影城(绿宝IMAX店) ,IMAX数字,2015年12月26日,24.06,12.82,347,-
苏州耳东影城,IMAX数字,2016年10月21日,  ,  ,359,-
苏州幸福蓝海国际影城(文体中心IMAX店) ,IMAX数字,2017年8月25日,22.78,12.15,313,-
苏州CGV影城(苏州中心店) ,IMAX数字,2017年11月11日,23.38,12.24,294,-
苏州万达影城奥体中心店),IMAX数字,2019年1月18日,  ,  ,310,-
苏州万达影城(新湖广场店),IMAX数字,2019年6月28日,-,-,-,-
太仓万达影城(万达广场店) ,IMAX数字,2012年12月7日,20.3,12.6,363,-
昆山保利国际影城(文化艺术中心店),IMAX数字,2013年3月8日,  ,  ,340,-
昆山万达影城(万达广场店),IMAX数字,2017年7月5日,19.4,10.76,363,-
昆山万象影城（万象汇激光IMAX店) ,IMAX Commercial Laser ,2019年11月12日,22.85,11.76,443,5.1聲道音響系統
张家港幸福蓝海国际影城(IMAX店) ,IMAX数字,2014年10月31日,24.7,14.85,402,-
张家港万达影城(万达广场店),IMAX数字,2018年12月28日,22.85,11.76,403,-
常熟万达影城(万达广场店),IMAX数字,2017年7月20日,21.71,11.34,361,-
常州万达影城(新北万达广场店) ,IMAX数字,2017年11月30日,21.2,10.997,337,-
常州幸福蓝海橙天嘉禾影城 ,IMAX数字,2012年12月31日,24.08,13.597,552,-
常州万达影城(武进万达广场店) ,IMAX数字,2014年8月8日,  ,  ,411,-
常州幸福蓝海国际影城(九洲IMAX店) ,IMAX数字,2015年9月26日,21.5,11.21,331,-
常州SFC上影影城(月星环球港店),IMAX数字,2016年1月8日,  ,  ,547,-
常州幸福蓝海国际影城(溧阳上河城IMAX店) ,IMAX数字,2016年12月9日,21.32,11.26,386,-
常州CGV影城(龙城天街店),IMAX数字,2018年9月28日,20.22,10.49,207,-
常州星轶IMAX影城（金坛吾悦广场旗舰店）,IMAX数字,2016年12月8日,25.14,13.43,442,-
无锡万达影城(滨湖万达广场店) ,IMAX数字,2018年11月1日 ,23.21,11.968,403,-
无锡万达影城(惠山万达广场店) ,IMAX数字,2013年7月1日,24.63,12.825,409,-
无锡橙天嘉禾影城(万象城店),IMAX数字,2014年12月20日,21,12,435,-
无锡CGV影城(盛岸店) ,IMAX数字,2015年7月1日,21.2,11.7,380,-
无锡萬達影城（融创茂店）,IMAX数字,2019年6月29日,21.18,11.03,353,-
无锡万达影城(新吴万达广场店) ,IMAX数字,2020年7月30日,,,354,-
无锡大世界影城 ,IMAX Commercial Laser ,2020年9月30日,20.82,10.83,378,12聲道音響系統
无锡金逸影城(荟聚店) ,IMAX Commercial Laser ,2020年9月30日,23.22,12.68,355,12聲道音響系統
无锡CGV影城(八佰伴店) ,IMAX Commercial Laser ,2020年12月29日,20.34,10.73,172,12聲道音響系統
宜兴万达影城(万达广场店) ,IMAX数字,2013年5月28日,21.32,11.3,421,-
江阴万达影城(万达广场店) ,IMAX数字,2012年9月15日,  ,  ,363,-
江阴金逸影城(美嘉城IMAX店) ,IMAX数字,2017年10月27日,25.75,13.86,349,-
江阴幸福蓝海国际影城(南门印象IMAX店),IMAX数字,2019年12月28日,22.16,11.97,325,-
镇江万达影城(万达广场店) ,IMAX数字,2011年8月12日,16.87,8.722,244,-
镇江星轶IMAX影城（丁卯吾悦广场旗舰店）,IMAX数字,2017年8月25日,20.02,10.32,324,-
丹阳幸福蓝海国际影城(八佰伴店) ,IMAX数字,2016年12月9日,25.8,13.89,434,-
徐州万达影城(云龙万达广场店) ,IMAX数字,2013年12月6日,21.5,10.8,350,-
徐州万达影城(铜山万达广场店) ,IMAX数字,2016年10月28日,21.85,11.65,372,-
南通万达影城(五洲广场店) 永久关闭,IMAX数字,2014年10月31日,  ,  ,278,2020年9月28日闭店
南通幸福蓝海国际影院(IMAX店) ,IMAX数字,2015年1月10日,   ,  ,436,-
南通万达影城(星光耀广场店) ,IMAX数字,2015年9月27日,  ,  ,301,-
南通万达影城(港闸万达广场店) ,IMAX数字,2015年12月11日,  ,  ,390,-
南通幸福蓝海国际影院(海门IMAX店),IMAX数字,2017年12月23日,,,429,-
南通万达影城（通州万达广场店） ,IMAX数字,2014年11月29日,19.8,11,370,-
南通星轶IMAX影城（如皋吾悦广场旗舰店）,IMAX数字,2017年11月17日,21.5,11.3,318,-
南通CGV影城(万象城店),IMAX数字,2019年6月5日,21.28,11.28,  ,-
南通金逸影城(大有境IMAX店),IMAX数字,待定,23.41,12.87,317,银幕型号:HARKNESS IMAX Coating 3.1 Peak Gain
盐城CGV影城(中南城店),IMAX数字,2014年11月14日,  ,  ,357,-
盐城万达影城(万达广场店) ,IMAX数字,2017年6月23日,,  ,372,-
盐城幸福蓝海国际影城(悦达IMAX店) ,IMAX数字,2020年11月13日,24.59,13.6,380,银幕型号:HARKNESS IMAX Coating 3.1 Peak Gain
东台幸福蓝海国际影城,IMAX数字,待定,22.23,12.13,345,银幕型号:HARKNESS IMAX Coating 3.1 Peak Gain
扬州幸福蓝海国际影城(IMAX店) ,IMAX数字,2014年12月24日,24.17,12.55,399,-
扬州上影四方国际影城,IMAX数字,2016年1月16日,  ,  ,282,-
扬州星轶IMAX影城（邗江吾悦广场旗舰店）,IMAX数字,2018年9月28日,26.09,13.88,362,-
扬州幸福蓝海国际影院(佳源IMAX店),IMAX数字,2018年1月4日,25.1,13.03,485,-
连云港万达影城(万达广场店) ,IMAX数字,2016年11月18日,20.07,10.63,388,-
连云港星轶IMAX影城（民主路文化街旗舰店）,IMAX数字,2018年2月3日,20.76,10.8,250,-
宿迁幸福蓝海国际影城(中央商场IMAX店) ,IMAX数字,2017年12月24日,24.46,12.78,343,-
沭阳幸福蓝海国际影城(中央广场店),IMAX数字,2019年9月28日,21.98,11.49,295,-
沭阳万达影城(万达广场店),IMAX数字,2019年12月28日,,,328,-
长沙CGV影城(岳麓店) ,IMAX数字,,  ,  ,398,-
长沙万达影城(开福万达广场店) ,IMAX数字,2013年9月27日,23.16,13.46,440,-
长沙CGV影城(德思勤店) ,IMAX数字,2015年7月30日,   ,  ,268,-
长沙CGV影城(星沙店) ,IMAX数字,2015年11月17日,  ,  ,298,-
长沙万达影城(梅溪湖步步高店) ,IMAX数字,2016年7月30日,  ,  ,426,-
长沙CGV影城(梅溪湖店) ,IMAX数字,2016年11月25日,  ,  ,402,-
长沙横店IMAX影城(悠游小镇店) ,IMAX数字,2018年8月15日,  ,  ,249,-
长沙金逸影城(福晟IMAX店) ,IMAX数字,2018年12月22日,  ,  ,305,-
长沙泰禾影城(开福IMAX店) ,IMAX数字,2019年1月26日,  ,  ,361,-
长沙万达影城（解放路悦荟广场店）,IMAX Commercial Laser ,2019年9月30日,23.21,12.3,430,"5.1聲道音響系統
中國大陸地區第8家IMAX影院"
长沙万达影城(中茂城店) ,IMAX数字,2019年4月24日,21.82,11.4,324,-
郴州万达影城(生源购物中心店) ,IMAX数字,2019年9月26日,22.75,11.7,384,-
湘潭万达影城(万达广场店) ,IMAX数字,2016年6月10日,22.54,11.84,327,-
湘潭横店电影城 ,IMAX数字,2016年8月22日,  ,  ,280,-
常德万达影城(万达广场店) ,IMAX数字,2016年9月16日,  ,   ,357,-
益阳万达影城(万达广场店) ,IMAX数字,2017年6月23日,  ,  ,429,-
衡阳万达影城(万达广场店) ,IMAX数字,2017年9月29日,20.22,10.43,368,-
衡阳金逸影城(中心城店) ,IMAX数字,2018年9月30日,  ,  ,486,-
岳阳CGV影城(步步高店) ,IMAX数字,2018年2月12日,  ,  ,280,-
邵阳万达影城(大汉悦店) ,IMAX数字,2019年9月30日,-,-,231,-
长春万达影城(欧亚大卖场店) ,IMAX数字,2010年6月12日,  ,,556,中國大陸地區第10家IMAX影院
长春万达影城(红旗街万达广场店) ,IMAX数字,2010年10月29日,  ,  ,383,-
长春万达影城(重庆路万达广场店) ,IMAX数字,2011年12月,22.71,12.28,374,-
长春万达影城(宽城万达广场店) ,IMAX数字,2013年8月16日,,  ,413,-
长春万达影城(繁荣路力旺中心店) ,IMAX数字,2016年6月7日,  ,  ,325,-
长春星轶IMAX影城(绿园吾悦广场旗舰店),IMAX数字,2017年7月28日,25.98,13.85,530,-
长春万达影城(车城万达广场店) ,IMAX数字,2017年9月8日,  ,  ,370,-
长春万达影城(栖乐荟广场店) ,IMAX数字,2017年9月23日,24.03,12.4,370,-
长春寰映影城 (摩天活力城店),IMAX数字,2019年1月26日,23.1,11.75,415,-
长春万达影城 (钜城华億广场店),IMAX数字,2020年7月25日,-,-,329,-
吉林万达影城(欧亚商都店) ,IMAX数字,2014年12月28日,  ,  ,335,-
吉林万达影城(华业广场店) ,IMAX数字,2015年12月22日,  ,  ,328,-
吉林万达影城(昌邑万达广场店) ,IMAX数字,2017年9月15日,21.72,11.34,350,-
四平万达影城(万达广场店) ,IMAX数字,2016年7月1日,  ,  ,374,-
四平万达影城(颐高产业园店) ,IMAX数字,2018年12月30日,  ,  ,307,-
延吉万达影城(万达广场店) ,IMAX数字,2016年9月9日,  ,  ,377,-
天津万达影城(河东万达广场店 ) ,IMAX数字,2017年3月20日 ,23.77,12.34,398,-
天津CGV星星影城(滨海店) ,IMAX数字,2016年2月1日,16.45,8.68,332,-
天津金逸影城(大悦城IMAX店) ,IMAX数字,2012年6月22日,21.95,12.1,511,-
天津农垦博纳国际影城 ,IMAX数字,2012年9月28日,20.54,11.18,406,-
天津CGV影城(于家堡店) ,IMAX数字,2015年12月1日,23.89,13.83,345,-
天津金逸影城(大港IMAX店) ,IMAX数字,2016年12月21日,19.7,10.5,370,-
天津SFC上影影城(天河城店),IMAX数字,2017年6月26日,18.89,10.48,286,-
天津万达影城(西青社会山广场店) ,IMAX数字,2018年1月5日,18.98,9.8,229,-
天津万象影城（万象城IMAX激光店),IMAX Commercial Laser ,2021年1月24日,24.52,12.82,365,12聲道音響系統
天津万达影城（河东万达广场店）,IMAX数字,"2017年3月20日
",23.77,12.34,398,12聲道音響系統
天津中影国际影城(和平津湾店) IMAX影厅关闭,IMAX数字,2010年1月4日,21.3,12.1,377, 已于2021年3月11日闭店
齐齐哈尔万达影城(万达广场店) ,IMAX数字,2015年8月1日,  ,  ,353,-
佳木斯万达影城(万达广场店) ,IMAX数字,2015年9月12日,21.4,11.39,374,-
鸡西万达影城(万达广场店) ,IMAX数字,2016年7月15日,  ,  ,431,-
牡丹江万达影城(万达广场店) ,IMAX数字,2016年7月22日,  ,  ,326,-
绥化万达影城(万达广场店),IMAX数字,2018年10月1日,20.05,10.7,364,-
大连万达影城(华府悦荟广场店) ,IMAX数字,2015年11月25日 ,19.94,11.11,321,-
大连万达影城(高新万达广场店) ,IMAX数字,2013年5月25日,22.08,12.13,400,-
大连CGV影城(东港店) ,IMAX数字,2015年3月13日,21.76,12.73,406,-
大连SFC上影影城(百年港湾店),IMAX数字,2016年1月15日,19.96,11.07,312,-
大连万达影城(普兰店万达广场店) ,IMAX数字,2017年7月29日,15.25,8.94,290,-
大连万达影城(庄河万达广场店),IMAX数字,2017年8月18日,15.5,8.86,274,-
大连博纳影城(中央大道店) ,IMAX数字,2017年11月20日,24.83,14.07,467,IMAX中国第500家IMAX影院
大连万达影城（甘井子万达广场店）,IMAX数字,2017年9月29日,21.14,11,338,-
大连万达影城(金州瑞栢中心店) ,IMAX数字,2018年1月19日,19.63,10.98,315,-
大连万达影城(经开万达广场店),IMAX Commercial Laser ,2019年6月1日,22.01,11.51,344,12聲道音響系統 
盘锦CGV影城(兴隆台店) ,IMAX数字,2013年1月6日,  ,  ,300,-
抚顺万达影城(万达广场店) ,IMAX数字,2021年3月10日,21.8,11.76,394,-
丹东万达影城(万达广场店) ,IMAX数字,2013年12月20日,20.69,11.75,367,-
营口万达影城(万达广场店) ,IMAX数字,2015年6月19日,  ,  ,381,-
营口万达影城(鲅鱼圈万达广场店) ,IMAX数字,2016年11月19日,  ,  ,388,-
朝阳万达影城(万达广场店) ,IMAX数字,2016年11月26日,20.14,10.67,423,-
辽阳万达影城(万达广场店) ,IMAX数字,2017年7月28日,20.75,10.8,385,-
锦州万达影城(万达广场店) ,IMAX数字,2017年9月1日,  ,  ,397,-
本溪万达影城(万达广场店) ,IMAX数字,2018年12月21日,22.03,11.52,352,-
鞍山万达影城(万达广场店),IMAX数字,2019年8月10日,23.71,12.7,-,-
石家庄万达影城(裕华万达广场店) ,IMAX数字,2011年9月23日,23.21,11.95,385,-
石家庄万象影城（万象城店）,IMAX Commercial Laser ,2018年11月10日,25.07,13.19,358,5.1聲道音響系統
石家庄CGV影城(中冶IMAX店),IMAX数字,2020年1月18日,-,-,290,-
石家庄万达影城（裕华万达广场店）,IMAX数字,2017年3月22日,23.21,11.95,385,12聲道音響系統
唐山万达影城(路南万达广场店) ,IMAX数字,2011年12月23日,23.21,11.968,357,-
廊坊华谊兄弟影城(燕郊天洋城店) ,IMAX数字,2017年12月26日,16.89,8.62,256,-
邯郸CGV影城(环球中心店) ,IMAX数字,2018年7月31日,-,-,239,-
邯郸万达影城(万达广场店) ,IMAX数字,-,-,-,392,-
邢台万达影城(万达广场店) ,IMAX数字,2018年11月2日,  ,  ,306,-
秦皇岛万达影城(万达广场店) ,IMAX数字,2019年11月22日,  ,  ,306,-
济南万达影城(魏家庄万达广场店) ,IMAX数字,2010年11月,20.24,11.02,362,-
济南幸福蓝海国际影城(全运村中央广场IMAX店) ,IMAX数字,2018年2月9日,24.57,12.9,371,-
济南CGV影城(印象城店),IMAX数字,2019年6月1日,20.54,10.48,225,-
济南万象影城（万象城激光IMAX店）,IMAX Commercial Laser ,2019年9月28日,22.85,11.73,396,5.1聲道音響系統
济南万达影城(高新万达广场店) ,IMAX Commercial Laser ,2019年11月15日,23.02,11.85,360,12聲道音響系統
济南金逸影城(汇隆广场IMAX店) ,IMAX数字,待定,  ,  ,406,-
青岛万达影城(李沧万达广场店) ,IMAX数字,2012年9月21日,  ,  ,348,-
青岛CGV影城(万象城店) ,IMAX数字,2015年4月30日,   ,  ,442,-
青岛SFC上影影城(金狮广场店),IMAX数字,2016年4月28日,  ,   ,291,-
青岛CGV影城(新都心店) ,IMAX数字,2016年6月28日,   ,  ,229,-
青岛星轶IMAX影城（黄岛吾悦广场旗舰店）,IMAX数字,2016年9月29日,22.92,11.9,321,-
青岛万达影城(东方影都店) ,IMAX数字,2018年4月28日,  ,  ,374,-
青岛万达影城(青特万达广场店) ,IMAX数字,2019年11月8日,24.11,12.57,-,-
青岛万达影城（CBD万达广场店）,IMAX Commercial Laser ,2017年9月7日,21.2,10.997,374,-
潍坊万达影城(万达广场店) ,IMAX数字,2014年5月23日,22.51,11.79,394,-
潍坊万达影城(寿光万达广场店) ,IMAX数字,2018年12月29日,20.34,10.49,342,-
济宁万达影城(太白路万达广场店) ,IMAX数字,2014年7月5日,  ,  ,350,-
烟台幸福蓝海国际影城(IMAX店) ,IMAX数字,2014年9月26日,21.21,11.27,426,-
烟台万达影城(芝罘万达广场店) ,IMAX数字,2014年11月21日,  ,  ,409,-
烟台CGV影城(长江路店) ,IMAX数字,2016年5月27日,  ,  ,321,-
东营万达影城(万达广场店) ,IMAX数字,2015年8月15日,   ,  ,389,-
东营万达影城(东城万达广场店) ,IMAX数字,2018年7月12日,  ,  ,332,-
泰安万达影城(万达广场店) ,IMAX数字,2015年8月21日,   ,  ,414,-
德州万达影城(万达广场店) ,IMAX数字,2015年11月6日,   ,  ,367,-
滨州万达影城(万达广场店) ,IMAX数字,2016年12月30日,  ,  ,431,-
枣庄万达影城(万达广场店) ,IMAX数字,2017年6月23日,  ,  ,390,-
菏泽万达影城(万达广场店) ,IMAX数字,2018年11月16日,20.9,10.85,368,-
临沂CGV影城(泰盛店) ,IMAX数字,2018年12月21日,20.9,11.11,245,-
日照万达影城(万达广场店) ,IMAX数字,2019年12月12日,-,-,-,-
淄博齐纳国际影城（银座店）,IMAX Commercial Laser ,2018年12月23日,22.04,11.55,317,12聲道音響系統
淄博万达影城(富力万达广场店) ,IMAX数字,2020年7月30日,19.36,10.15,342,-
威海万达影城(环翠万达广场店) ,IMAX数字,2020年12月3日,19.3,10.31,304,-
合肥万达影城(包河万达广场店),IMAX数字,2015年11月13日,22.81,11.968,374,-
合肥万达影城(天鹅湖万达广场店) ,IMAX数字,2019年1月8日,  ,  ,378,-
合肥英皇电影城(万象城店) ,IMAX数字,2015年10月15日,21.85,11.57,408,-
合肥万达影城(瑶海万达广场店) ,IMAX数字,2016年9月9日,23.66,12.6,319,-
合肥万达影城(万达文化旅游城店) ,IMAX数字,2016年9月24日,22.36,11.71,355,-
合肥华谊兄弟影院(武里山天街店) ,IMAX数字,2017年8月18日,21.61,11.49,385,-
合肥万达影城(宝利丰广场店) ,IMAX数字,2017年12月30日,23.39,12.16,343,-
合肥万达影城(巢湖万达广场店) ,IMAX数字,2018年11月2日,22.17,11.64,369,-
合肥万达影城(万科广场店),IMAX数字,2019年5月11日,-,-,317,-
合肥博纳国际影城(瑶海龙湖天街店),IMAX数字,2019年12月12日,-,-,247,-
芜湖万达影城(镜湖万达广场店) ,IMAX数字,2012年9月7日,  ,  ,355,-
芜湖万达影城(华强广场店) ,IMAX数字,2016年12月17日,  ,  ,346,-
芜湖幸福蓝海国际影城 ,IMAX数字,2017年1月28日,25.58,13.78,411,-
蚌埠万达影城(万达广场店) ,IMAX数字,2021年2月2日 ,21.85,11.76,402,-
马鞍山万达影城(万达广场店) ,IMAX数字,2014年9月19日,    ,  ,409,-
铜陵万达影城(北斗星城广场店) ,IMAX数字,2014年11月28日,   ,  ,348,-
铜陵万达影城(万达广场店) ,IMAX数字,2017年11月10日,   ,  ,387,-
阜阳万达影城(颍州万达广场店) ,IMAX数字,2015年9月5日,  ,  ,427,-
阜阳东方巨幕影城 ,IMAX数字,2017年2月7日,  ,  ,409,-
阜阳万达影城(颍泉万达广场店) ,IMAX数字,2017年6月16日,  ,  ,411,-
亳州万达影城(万达广场店) ,IMAX数字,2016年8月12日,  ,  ,399,-
宿州万达影城(万达广场店) ,IMAX数字,2016年12月2日,  ,  ,401,-
安庆星轶IMAX影城（安庆吾悦广场旗舰店）,IMAX数字,2016年12月23日,20.96,11.17,342,-
安庆SFC上影影城（百联店） 关闭,IMAX数字,2017年11月10日,  ,  ,461,-
淮北金逸影城(IMAX店) ,IMAX数字,2016年12月24日,20.99,11.07,440,-
淮北万达影城(万达广场店) ,IMAX数字,2018年9月28日,20.96,10.85,370,-
六安万达影城(万达广场店) ,IMAX数字,2016年12月31日,20.26,10.73,412,-
黄山金逸影城IMAX(光美黎阳店) ,IMAX数字,2017年1月24日,20.98,11,333,-
宣城万达影城(万达广场店) ,IMAX数字,2018年6月29日,  ,  ,332,-
淮南星轶IMAX影城（淮南吾悦广场旗舰店）,IMAX数字,2018年8月31日,25.49,13.48,389,-
淮南万达影城(万达广场店),IMAX数字,2018年9月7日,-,-,365,-
滁州万达影城(万达广场店),IMAX数字,2019年8月24日,21.5,11.22,325,-
杭州百老汇影城 ,IMAX数字,2010年8月6日,  ,  ,460,-
浙江新远国际影城IMAX,IMAX数字,2010年9月21日,  ,  ,350,-
杭州万达影城(水晶城店) ,IMAX数字,2014年12月5日,  ,  ,311,-
杭州万达影城(拱墅万达广场店) ,IMAX数字,2014年12月12日,  ,  ,348, IMAX中国第200家IMAX影院
杭州佳映国际影城(五洲国际广场店) ,IMAX数字,2015年3月29日,  ,  ,411,-
杭州SFC上影影城(龙湖店) ,IMAX数字,2015年9月26日,  ,  ,376,-
杭州德纳国际影城(萧山IMAX店) ,IMAX数字,2015年11月4日,  ,  ,342,-
杭州金逸影城电影街(影视中心IMAX店) ,IMAX数字,2016年1月29日,20.71,10.8,356,-
杭州悦江新远影城IMAX,IMAX数字,2016年12月16日,22.01,12.6,511,-
杭州海上明珠国际影城(滨江店),IMAX数字,2017年5月28日,18.53,10.01,340,-
杭州CGV影城(乐堤港店) ,IMAX数字,2017年6月29日,  ,  ,393,-
杭州CGV影城(滨江天街店) ,IMAX数字,2017年9月23日,  ,  ,400,-
杭州东影时代影城(西溪店) ,IMAX数字,2018年2月2日,   ,  ,369,-
杭州新天地新远影城 IMAX,IMAX数字,2018年2月9日,   ,  ,439,-
杭州博纳国际影城（临平IMAX店）,IMAX数字,2018年6月23日,-,-,288,-
杭州SFC上影影城(余之城店) ,IMAX数字,2018年7月20日,  ,  ,256,-
杭州博纳国际影城（西溪店）,IMAX数字,2018年8月11日,   ,  ,363,-
杭州万达影城(崇贤上亿广场店) ,IMAX数字,2018年11月9日,   ,  ,317,-
宁波万达影城(鄞州万达广场店) ,IMAX数字,2011年7月21日,  ,  ,336,-
宁波万达影城(江北万达广场店) ,IMAX数字,2018年11月8日,23.21,12.053,376,-
宁波CGV影城(文化广场店) ,IMAX数字,2013年10月22日,21.67,11.9,416,-
宁波CGV影城(鄞州店) ,IMAX数字,2014年12月29日,21.39,11.092,358,-
宁波星美国际影城(奥特莱斯店) ,IMAX数字,2016年3月12日,  ,  ,368,-
宁波博纳国际影城(北仑店) ,IMAX数字,2017年10月27日,  ,  ,324,-
宁波星轶IMAX影城（镇海吾悦广场旗舰店）,IMAX数字,2017年11月24日,  ,  ,388,-
宁波万达影城(奉化万达广场店) ,IMAX数字,2018年5月24日,20.66,10.73,388,-
宁波万象影城 (万象城店) ,IMAX Commercial Laser ,待定,,,,聲道音響系統
宁波幸福蓝海国际影城(中海环宇城店) ,IMAX数字 ,待定,-,-,-,-
宁波万达影城（鄞州万达广场店）,IMAX数字 ,2011年7月21日,  ,  ,336,12聲道音響系統
余姚万达影城(万达广场店) ,IMAX数字,2013年11月1日,20.84,11.06,302,-
余姚CGV影城(城东店) ,IMAX数字,2014年6月28日,  ,  ,375,-
慈溪中影星美国际影城(保利店) ,IMAX数字,2016年6月2日,  ,  ,454,-
丽水万地国际影城,IMAX数字,2013年11月9日,   ,  ,400,-
绍兴万达影城(柯桥万达广场店) ,IMAX数字,2010年12月17日,   ,  ,316,-
绍兴卢米埃影城(银泰城店) ,IMAX数字,2015年1月10日,  ,  ,393,-
绍兴万达影城(上虞万达广场店) ,IMAX数字,2016年11月25日,   ,  ,361,-
绍兴星轶IMAX影城（嵊州吾悦广场旗靓店）,IMAX数字,2017年10月27日,  ,  ,372,-
嵊州金逸IMAX影城(和悦时代广场店) ,IMAX数字,2018年5月21日,  ,  ,287,-
金华万达影城(万达广场店) ,IMAX数字,2014年7月25日,21.86,11.64,417,-
义乌万达影城(万达广场店) ,IMAX数字,2016年8月26日,26.56,14.41,377,-
义乌上影X-CINEMA影城,IMAX数字,2017年4月14日,  ,  ,399,-
义乌保利国际影城(义乌之心店) ,IMAX数字,2017年8月19日,26.88,  ,322,-
嘉兴万达影城(万达广场店) ,IMAX数字,2015年6月12日,  ,  ,373,-
嘉兴星轶IMAX影城（桐乡吾悦广场旗舰店）,IMAX数字,2017年5月26日,  ,  ,394,-
诸暨万达影城(万达广场店) ,IMAX数字,2017年7月27日,  ,  ,352,-
温州万达影城(龙湾万达广场店),IMAX数字,2012年11月30日,22.3,11.702,392,-
温州万达影城(平阳万达广场店) ,IMAX数字,2014年12月6日,  ,  ,430,-
温州卢米埃影城(万象城店) ,IMAX数字,2016年5月28日,  ,  ,361,-
温州博纳国际影城（5050店） ,IMAX数字,2018年11月16日,21.25,11.08,304,-
温州万达影城(南塘店),IMAX数字,2018年12月30日,21.92,11.41,310,-
乐清虹桥神画 IMAX 影城,IMAX数字,2019年5月24日,-,-,383,-
台州万达影城(台州万达广场店) ,IMAX数字,2016年6月17日,  ,  ,357,-
台州万达影城(中盛广场店) ,IMAX数字,2016年11月11日,21.55,  ,374,-
台州金逸影城(万嘉广场IMAX店),IMAX数字,2019年7月19月,-,-,408,-
温岭0090 IMAX影城 ,IMAX数字,2017年7月27日,  ,  ,512,-
湖州万达影城(万达广场店) ,IMAX数字,2016年12月23日,21.59,11.26,361,-
衢州星轶IMAX影城（衢州吾悦广场旗舰店）,IMAX数字,2017年6月16日,24.46,12.8,373,-
衢州万达影城(经开万达广场店) ,IMAX数字,2017年12月15日,21.32,11.1,369,-
海宁传奇电影中心 ,IMAX数字,2018年1月1日,  ,,285,-
舟山保利国际影城(绿城长峙IMAX店) ,IMAX数字,2019年9月30日,21.82,11.38,274,-
西安大明宫IMAX影院 ,IMAX数字,2011年7月21日,21.34,12,293,-
西安万达影城(民乐园万达广场店) ,IMAX数字,2011年11月8日,21.18,10.927,367,-
西安万达影城(碑林万达广场店) ,IMAX数字,2013年10月1日,  ,  ,294,-
西安万达影城(大明宫万达广场店) ,IMAX数字,2013年11月22日,  ,  ,368,-
西安CGV影城(印象城店) ,IMAX数字,2015年9月30日,20.06,10.84,288,-
西安开顿IMAX国际影城,IMAX数字,2016年11月18日,26.11,14.09,474,-
西安万达影城(龙城铭园店) ,IMAX数字,2017年12月30日,22.96,11.93,302,-
西安博纳国际影城 ,IMAX数字,2018年12月21日,  ,  ,421,-
西安卢米埃影城(曲江创业谷IMAX店) ,IMAX数字,2018年12月30日,  ,  ,268,-
西安长江银兴影城(御锦城店),IMAX数字,2019年7月12日,21.82,11.59,283,-
渭南万达影城(万达广场店) ,IMAX数字,2015年8月7日,  ,  ,394,-
宝鸡金逸影城(西建国际IMAX店),IMAX数字,2020年8月14日,19.3,10.65,376,-
银川万达影城(金凤万达广场店) ,IMAX数字,2011年9月9日,,  ,306,-
银川万达影城(西夏万达广场店) ,IMAX数字,2014年7月18日,,  ,414,-
吴忠万达影城(万达广场店) ,IMAX数字,2018年6月15日,  ,  ,373,-
石嘴山万达影城(万达广场店) ,IMAX数字,2018年7月6日,  ,  ,340,-
呼和浩特CGV影城(中山店) ,IMAX数字,2014年12月27日,  ,  ,367,-
呼和浩特万达影城(回民区万达广场店) ,IMAX数字,2017年8月25日,24.52,12.91,302,-
呼和浩特万达影城（万达广场店）,IMAX Commercial Laser ,2019年4月5日,21.24,10.87,398,12聲道音響系統
呼和浩特万达影城(喜悦广场店) ,IMAX数字,2017年12月16日,21.07,11.06,236,-
呼和浩特万达影城(凯德诺和木勒店) ,IMAX数字,2021年2月12日,21.12,11.45,384,-
包头万达影城(青山万达广场店) ,IMAX数字,2019年9月5日,23.07,11.455,314,-
包头万达影城(九原万达广场店),IMAX数字,2018年8月17日,-,-,370,-
包头万达影城(维多利摩尔城店),IMAX数字,2020年7月31日,-,-,323,-
赤峰万达影城(万达广场店) ,IMAX数字,2014年6月20日,  ,   ,414,-
乌海万达影城(万达广场店) ,IMAX数字,2016年6月25日,  ,   ,375,-
通辽万达影城(万达广场店) ,IMAX数字,2016年7月22日,  ,  ,386,-
酒泉万达影城(万达广场店) ,IMAX数字,2017年11月10日,-,-,369,-
兰州万达影城（城关万达广场店）,IMAX Commercial Laser ,2018年12月26日,21.6,11.39,410,12聲道音響系統
兰州空间站影城（兰州中心店）,IMAX Commercial Laser ,2018年12月28日,21.98,11.35,441,12聲道音響系統
兰州万达影城（安宁中海环宇城店）,IMAX数字,2020年12月25日,-,-,332,-
武威万达影城(万达广场店) ,IMAX数字,2018年10月19日,  ,  ,386,-
太原博纳国际影城 ,IMAX数字,2015年6月20日,21.78,11.75,343,-
太原万象影城（IMAX店）,IMAX Commercial Laser ,2018年9月15日,22.85,11.86,358,5.1聲道音響系統
太原万达影城（龙湖万达广场店）,IMAX Commercial Laser ,2018年12月30日,26.51,14.06,430,"12聲道音響系統
IMAX公司全球第1000家IMAX影院"
太原泰禾影城,IMAX数字,2020年8月18日,19.8,10.35,261,-
太原CGV影城(印象城店) ,IMAX数字,2020年8月25日,20.96,10.92,230,-
临汾万达影城(新百汇广场店) ,IMAX数字,2016年12月20日,  ,  ,331,-
晋中万达影城(万达广场店),IMAX数字,2017年8月18日,20.06,10.58,381,-
晋中华谊兄弟影院 ,IMAX数字,2017年9月15日,  ,  ,462,-
大同万达影城(万达广场店) ,IMAX数字,2017年10月20日,  ,  ,383,-
长治万达影城(万达广场店) ,IMAX数字,2018年9月22日,  ,  ,329,-
榆林万达影城(万达广场店) ,IMAX数字,2018年12月22日,  ,  ,349,-
运城万达影城(万达广场店) ,IMAX数字,2018年12月28日,  ,  ,364,-
福州万达影城(金融街万达广场店) ,IMAX数字,2010年12月22日,20.6,10.674,314,-
福州万达影城(仓山万达广场店) ,IMAX数字,2011年12月2日,19.09,9.854,261,-
福州金逸影城IMAX（万宝商圈店）,IMAX数字,2012年4月,   ,  ,445,-
福州星美国际影城(王庄店) ,IMAX数字,2015年1月10日,25.8,13.56,557,-
福州CGV影城(东二环IMAX店) ,IMAX数字,2015年12月30日,20.36,10.94,290,-
福州幸福蓝海国际影城(名城IMAX店) ,IMAX数字,2016年12月24日,18.17,9.54,304,-
福州海峡文化艺术中心金逸IMAX影城,IMAX Commercial Laser ,2021年2月1日,20.39,10.59,465,12聲道音響系統
福州万达影城(仓山万达广场店) ,IMAX数字,2011年12月,19.09,9.854,261,12聲道音響系統
厦门万达影城(湖里万达广场店) ,IMAX数字,2011年9月2日,19.54,10.058,291,-
厦门金逸影城(明发IMAX店) ,IMAX数字,2013年1月8日,  ,  ,396,-
厦门万达影城(集美万达广场店) ,IMAX数字,2013年6月8日,22.13,12.3,412,-
厦门万达影城(世茂海峡广场店) ,IMAX数字,2016年7月16日,22.62,11.83,348,-
厦门卢米埃影城(宝龙一城IMAX店) ,IMAX数字,2018年9月30日,22.62,11.77,374,-
厦门万达影城（湖里万达广场店）,IMAX Commercial Laser ,2019年11月22日,20.18,10.399,291,12聲道音響系統
莆田万达影城(万达广场店) ,IMAX数字,2012年12月15日,21.51,11.306,348,-
泉州万达影城(万达广场店) ,IMAX数字,2012年9月29日,   ,  ,416,-
泉州泰禾影城(东海店) ,IMAX数字,2017年8月,  ,  ,333,-
安溪金逸影城(宝龙店) ,IMAX数字,2016年12月3日,19.2,10.11,346,-
晋江万达影城(万达广场店) ,IMAX数字,2012年8月10日,21.6,11.2,357,-
泉州星轶IMAX影城（晋江吾悦广场旗舰店）,IMAX数字,2017年12月22日,19.83,10.2,209,-
漳州万达影城(万达广场店) ,IMAX数字,2012年11月28日,21.71,11.332,347,-
漳州万达影城(台商区万达广场店) ,IMAX数字,2017年1月6日,22.48,11.8,381,-
漳州金逸影城(红星店) ,IMAX数字,2018年10月3日,18.81,9.7,249,-
宁德万达影城(万达广场店),IMAX数字,2012年8月11日,  ,  ,305,-
龙岩万达影城(万达广场店),IMAX数字,2014年11月7日,  ,  ,401,-
福清万达影城(万达广场店),IMAX数字,2014年12月5日,22.21,11.62,410,-
石狮万达影城(世茂广场店),IMAX数字,2016年9月9日,25.16,13.5,344,-
三明万达影城(万达广场店),IMAX数字,2016年12月30日,22.95,12.15,376,-
南平万达影城(万达广场店) ,IMAX数字,2018年11月30日,22.14,11.6,348,-
郑州万达影城(中原万达广场店) ,IMAX数字,2011年10月28日,-,-,353,-
郑州CGV影城(大卫城店) ,IMAX数字,2015年12月11日,24.68,13.06,396,-
郑州万达影城(惠济万达广场店) ,IMAX数字,2016年11月18日,23.1,12.22,396,-
郑州CGV影城(高新店) ,IMAX数字,2016年12月6日,24.93,13.45,366,-
郑州CGV影城(正弘城店) ,IMAX数字,2018年12月29日,24.92,13.1,322,-
郑州万达影城（二七万达广场店）,IMAX Commercial Laser ,2019年1月4日,23.21,11.7,423,12聲道音響系統
郑州CGV影城（YOYOPARK店）,IMAX Commercial Laser ,2020年8月27日,20.6,10.64,222,12聲道音響系統
郑州金逸影城(高新大学城店),IMAX数字,2020年9月4日,-,-,263,-
洛阳万达影城(万达广场店) ,IMAX数字,2012年2月20日,  ,  ,295,-
安阳万达影城(万达广场店) ,IMAX数字,2015年7月25日,   ,  ,400,-
三门峡万达影城(万达广场店) ,IMAX数字,2016年10月21日,  ,  ,402,-
焦作万达影城(万达广场店) ,IMAX数字,2017年6月30日,20.57,10.65,386,-
南阳万达影城(中泰广场店) ,IMAX数字,2017年7月14日,21.9,11.75,321,-
平顶山万达影城(万达广场店) ,IMAX数字,2017年11月24日,21.03,10.93,375,-
新乡万达影城(牧野区万达广场店) ,IMAX数字,2017年12月23日,21.47,11.2,359,-
鹤壁万达影城(万达广场店) ,IMAX数字,2018年6月22日,  ,  ,350,-
商丘万达影城(万达广场店) ,IMAX数字,2018年7月6日,  ,  ,387,-
开封万达影城(万达广场店) ,IMAX数字,2018年9月28日,20.13,10.44,363,-
成都万达影城(锦华万达广场店),IMAX数字,2011年11月8日,,,254,-
成都影立方影城(东郊记忆773店) ,IMAX数字,2020年4月30日,23.22,12.68,488,-
成都万达影城(金牛万达广场店) ,IMAX数字,2012年12月22日,21.18,10.98,381, IMAX中国第100家IMAX影院
成都影立方影城(城南优品道广场店) ,IMAX数字,2013年12月25日,  ,  ,436,-
成都CGV影城(金牛店) ,IMAX数字,2013年12月30日,21.25,10.9,326,-
成都UA国际金融中心影城 ,IMAX数字,2014年1月14日,,  ,433,-
成都卢米埃影城(龙湖店) ,IMAX数字,2014年1月18日,  ,  ,352,-
成都CGV影城(高新店) ,IMAX数字,2014年8月28日,23.51,12.38,411,-
成都SFC上影影城(龙湖IMAX店),IMAX数字,2014年9月24日,  ,  ,320,-
成都金逸影城(鹏瑞利店) ,IMAX数字,2014年10月28日,  ,  ,504,-
成都CGV影城(金楠店) ,IMAX数字,2015年10月23日,20.68,11.12,284,-
成都SFC上影影城(科华IMAX店),IMAX数字,2015年12月18日,24.39,13.09,442,-
成都万达影城(蜀都万达广场店) ,IMAX数字,2016年4月29日,22.76,11.79,338,-
成都万达影城(简阳旭海广场店) ,IMAX数字,2016年9月17日,  ,  ,312,-
成都万达影城(崇州万达广场店) ,IMAX数字,2016年9月1日,  ,  ,396,-
成都万达影城(城中城店) ,IMAX数字,2018年1月6日,16.31,8.66,204,-
成都中视国际影城 IMAX(铁建店) ,IMAX数字,2017年12月23日,  ,  ,306,-
成都幸福蓝海国际影城（仁和新城IMAX店） ,IMAX数字,2018年11月23日,21.39,11.1,404, IMAX中国第600家IMAX影院
成都CGV影城(龙泉驿店),IMAX数字,2018年12月22日,20.52,10.61,311,-
成都万达影城(468店) ,IMAX数字,2019年1月25日,17.45,9.1,182,-
成都博纳影城(大悦城店),IMAX数字,2019年5月1日,23.88,12.35,374,"原名成都星美国际影城(大悦城店)
由于星美集团经营不善被博纳影业集团收购并更名为博纳影城重新装修"
成都CGV影城(新都店),IMAX数字,2019年10月25日,23.92,12.6,355,-
成都英皇电影城（温江新光天地店）,IMAX Commercial Laser ,2019年12月25日,23.87,12.46,386,12聲道音響系統
成都CGV影城(犀浦店),IMAX数字,2019年12月25日,19.5,10.06,211,-
成都百老汇影城（万象城店）,IMAX Commercial Laser ,2020年12月6日,24.52,12.8,394,5.1聲道音響系統
成都寰映影城(世茂广场店),IMAX数字,待定,-,-,-,-
成都万达影城(环球IMAX店),IMAX数字,2013年8月16日,22.58,12.55,,"由于星美集团经营不善被万达集团收购并更名为万达影城重新装修
原名成都星美国际影商城(环球IMAX店)"
绵阳万达影城(涪城万达广场店) ,IMAX数字,2012年12月21日,  ,  ,347,-
绵阳金逸影城(奥莱店) ,IMAX数字,2018年8月3日,25.22,13.33,396,-
绵阳万达影城（涪城万达广场店）,IMAX Commercial Laser ,2012年12月21日,  ,  ,347,12聲道音響系統
广元万达影城(万达广场店) ,IMAX数字,2015年6月5日,  ,  ,382,-
内江万达影城(万达广场店) ,IMAX数字,2015年6月26日,25.75,13.86,396,-
自贡星维国际电影城(南湖店),IMAX数字,2015年7月16日,23.63,12.35,524,-
泸州CGV影城(万象汇店) ,IMAX数字,2015年11月6日,  ,  ,354,-
泸州万达影城(万达广场店) ,IMAX数字,2018年6月1日,20.9,10.85,427,-
泸州金逸影城(天远广场店) ,IMAX数字,2019年9月30日,25.76,13.67,368,-
资阳万达影城(万达广场店) ,IMAX数字,2016年6月17日,  ,  ,411,-
德阳万达影城(万达广场店) ,IMAX数字,2016年9月17日,23.63,12.43,372,-
德阳金逸影城(五洲广场店) ,IMAX数字,2020年12月30日,20.34,10.51,362,-
乐山万达影城(万达广场店) ,IMAX数字,2016年9月23日,20.25,11,360,-
乐山金逸影城,IMAX数字,2019年9月6日,21.28,11.08,315,-
遂宁万达影城(万达广场店) ,IMAX数字,2016年10月21日,21.22,  ,394,-
眉山万达影城(雕像国际广场店) ,IMAX数字,2017年4月1日,19.59,10.71,246,-
达州横店电影城(罗浮店) ,IMAX数字,2017年5月1日,  ,  ,235,-
雅安万达影城(万达广场店) ,IMAX数字,2017年7月21日,20.82,11.17,422,-
宜宾万达影城(万达广场店) ,IMAX数字,2018年12月21日,20.76,10.77,388,-
南充万达影城(保利广场店) ,IMAX数字,2020年8月21日,-,-,404,-
南昌万达影城(八一万达广场店) ,IMAX数字,2019年12月5日,16.5,8.09,277,-
南昌万达影城(红谷滩万达广场店) ,IMAX数字,2017年3月28日 ,21.98 ,11.47 ,338,-
南昌万达影城(万达文化旅游城店) ,IMAX数字,2016年5月28日,25.53,13.77,355,-
南昌星轶IMAX影城（青山湖吾悦广场旗舰店） ,IMAX数字,2016年11月18日,17.83,9.43,306,-
南昌万达影城(西湖万达广场店) ,IMAX数字,2017年6月23日,20.6,10.69,395,-
南昌万达影城(青山湖万达广场店) ,IMAX数字,2018年12月21日,21.88,11.44,374,-
赣州CGV影城 ,IMAX数字,2015年9月19日,  ,  ,479,-
赣州英皇电影城(杉杉奥莱店) ,IMAX数字,2019年9月28日,-,-,344,-
宜春万达影城(万达广场店) ,IMAX数字,2016年10月21日,21.45,11.41,398,-
宜春大地影院(润达国际IMAX店),IMAX数字,2019年2月5日,  ,  ,411,-
新余金逸影城IMAX（光美抱石店） ,IMAX数字,2017年1月25日,  ,   ,352,-
上饶万达影城(万达广场店) ,IMAX数字,2016年11月25日,23.86,12.7,351,-
抚州万达影城(万达广场店) ,IMAX数字,2017年6月16日,   ,   ,406,-
九江万达影城(万达广场店) ,IMAX数字,2017年6月16日,22.63,11.72,396,-
吉安金逸影城（金鑫瑞德IMAX店）,IMAX数字,2020年1月20日,-,-,396,-
贵阳星美国际影城(花果园店) ,IMAX数字,2013年6月20日,  ,  ,432,-
贵阳万达影城(观山湖万达广场店) ,IMAX数字,2018年5月25日,22.24,11.64,281,-
贵阳越界影城（未来方舟店）,IMAX GT Laser,2018年9月30日,32.16,18.17,714,12聲道音響系統
贵阳万达影城（中大广场店）,IMAX Commercial Laser ,2019年4月23日,18.92,9.91,281,12聲道音響系統
贵阳卢米埃影城(花溪店),IMAX数字,2019年8月20日,19.09,10.02,231,-
贵阳CGV影城（印象城店) ,IMAX Commercial Laser ,2019年12月19日,22.96,11.94,335,12聲道音響系統
贵阳万达影城(大上海云岩万达广场店) ,IMAX数字,2019年12月30日,-,-,434,-
贵阳万达影城(数博万达广场店) ,IMAX数字,2020年12月18日,21.53,11.61,331,-
贵阳博悦汇影城(THE ONE购物中心店) ,IMAX数字,待定,-,-,-,-
六盘水万达影城(万达广场店) ,IMAX数字,2018年5月10日,20.86,10.78,411,-
遵义金逸影城(方圆荟·日月星IMAX店) ,IMAX数字,2020年8月18日,-,-,378,-
南宁万达影城(印象城店) (原悦荟店) ,IMAX数字,2013年10月1日,  ,  ,255,-
南宁永恒·晶钻影城,IMAX数字,2014年1月17日,  ,  ,399,-
南宁新民族影城,IMAX数字,2014年6月27日,25.76,13.15,506,-
南宁万达影城(安吉万达广场店) ,IMAX数字,2015年12月5日,  ,  ,341,-
南宁万达影城(万达茂店) ,IMAX数字,2017年6月16日,  ,  ,384,-
南宁万达影城(江南万达广场店) ,IMAX数字,2017年6月23日,22.85,11.75,359,-
南宁万达影城（青秀万达广场店）,IMAX Commercial Laser ,2019年4月14日 ,22.76,11.67,412,12聲道音響系統
南宁万达影城(江宇世纪城店) ,IMAX数字,2019年4月17日,20.92,10.99,201,-
桂林万达影城(七星万达广场店) ,IMAX数字,2015年9月12日,  ,  ,412,-
桂林万达影城(叠彩万达广场店) ,IMAX数字,2017年11月24日,19.05,10.75,362,-
桂林万象影城（万象城IMAX激光店）,IMAX Commercial Laser ,2019年10月9日,19.44,10.09,252,5.1聲道音響系統
桂林万达影城(临桂万达广场店) ,IMAX数字 ,2020年9月30日,19.21,10.21,-,-
柳州万达影城(柳南万达广场店) ,IMAX数字,2016年12月16日,20.05,10.6,394,-
柳州金逸影城(万象城店) ,IMAX数字,2018年9月30日,25.28,13.41,393,-
柳州万达影城（城中万达广场店）,IMAX Commercial Laser ,2018年12月27日,22.13,11.58,362,12聲道音響系統
北海大地影院(宁春城店) ,IMAX数字,2017年10月26日,20.02,10.51,278,-
贵港万达影城(万达广场店) ,IMAX数字,2018年12月27日,  ,  ,359,-
玉林金逸影城(凤凰广场店)  永久关闭,IMAX数字,2019年1月19日,  ,  ,380,已于2021年2月8日闭店
玉林万达影城(万达广场店),IMAX数字,2019年5月25日,22.76,10.85,365,-
玉林中影金城国际影院,IMAX数字,2021年2月6日,18.12,9.46,253,-
海口中视国际影城(国兴店) ,IMAX数字,2014年1月6日,-,-,469,-
海口星轶影城(吾悦广场IMAX店) ,IMAX数字,2016年10月28日,25.36,13.67,343,-
海口万达影城(海航日月广场店) ,IMAX数字,2016年12月16日,  ,  ,382,-
海口金逸影城(星海湾IMAX店) ,IMAX数字,2016年12月7日,-,-,448,-
海口万达影城(秀英万达广场店) ,IMAX数字,2016年12月23日,-,-,413,-
海口中视国际影城(喜盈门店) ,IMAX数字,2016年10月26日,-,-,368,-
海口CGV影城(友谊阳光城店) ,IMAX数字,2017年5月1日,  ,  ,402,-
三亚万达影城(万达海棠湾店) ,IMAX数字,2011年9月16日,20.91,11.79,295,-
三亚中视国际影城 ,IMAX数字,2014年8月2日,21.87,11.459,380,-
西宁万达影城(海湖万达广场店) ,IMAX数字,2016年7月29日,  ,  ,350,-
西宁万达影城(中发源时代广场店) ,IMAX数字,2018年1月5日,  ,  ,342,-
乌鲁木齐万达影城(万达广场店) ,IMAX数字,2016年8月12日,  ,  ,345,-
乌鲁木齐万达影城(德汇万达广场店) ,IMAX数字,2018年2月1日,  ,  ,210,-
乌鲁木齐万达影城(高新区万达广场店) ,IMAX数字,2018年9月21日,20.23,10.44,339,-
拉萨万达影城(万达广场店) ,IMAX数字,2020年8月10日,,,392,-
澳门英皇戲院 葡京人綜合渡假村,IMAX数码,待定,-,-,-,-
